,,,,"Optiplex Gx1",24756,,,,"CR. Puerto Barrios",,,"FECHA",
,,"DELL","DELL","Optiplex Gx 260",8537021,,,,"Facultad de Odontologia",,,,
,,"DELL","DELL","Dimension V400","0AYJL",,,,"Facultad de Ing. Industrial",,,,
571473750,05/08/2001,"Dell","DELL","Optiplex Gx 150","1077L01","PIII 1.0GHz","128Mb","20Gb","Auditoria","Anayansi Mazariegos",,,
867320046,01/07/2002,"DELL","DELL","Precision 340","10K3M11","P4 2.0 GHz","512Mb","40Gb","Centro de Cómputo","Laboratorio 3",,10/02/2005,
623735611,28/01/2004,"DELL","DELL","Precision 360","10W0741","P4 3.0 GHz","1.0 Gb","80 Gb","Centro de Cómputo","Laboratorio 5",,,
867323933,01/07/2002,"DELL","DELL","Precision 340","11L3M11","P4 2.0 GHz","512Mb","40Gb","Centro de Cómputo","Laboratorio 4",,,
"C51171153",19/12/2004,"Dell","DELL","Optiplex Gx 280","11Y1D61","P4 3.0 GHz","1.0 Gb","80 Gb","Centro de Cómputo","Lab. Quetzaltenango",,,
867323933,01/07/2002,"DELL","DELL","Precision 340","12L3M11","P4 2.0 GHz","512Mb","40Gb","Centro de Cómputo","Laboratorio 1",,,
497512492,13/10/2003,"DELL","DELL","Precision 360","159YM31","P4 2.4GHz","1G Mb","40 Gb","Medicina",,,,
867311284,01/07/2002,"DELL","DELL","Precision 340","15FZL11","P4 2.0 GHz","512Mb","40Gb","Centro de Cómputo","Laboratorio 4",,,
502104789,"01/24/2001","DELL","DELL","Optiplex Gx 150","17WWB01","PIII 933GHz","128Mb","20Gb","Contabilidad",,,,
497512492,13/10/2003,"DELL","DELL","Precision 360","17XXM31","P4 2.4GHz","1G Mb","40 Gb","Facultad de Ing. Industrial",,,,
867321374,01/07/2002,"DELL","DELL","Precision 340","19K3M11","P4 2.0 GHz","512Mb","40Gb","Centro de Cómputo","Laboratorio 1",,,
"B83797420",29/10/2004,"Dell","DELL","Poweredge 6600","1B71Y51","P4 2.7GHz","8Gb","73Gb  * 4","Desarrollo","Terminal Services",,,
867321374,01/07/2002,"DELL","DELL","Precision 340","1BK3M11","P4 2.0 GHz","512Mb","40Gb","Centro de Cómputo","Laboratorio 3",,,
502104789,"01/24/2001","Dell","DELL","Optiplex Gx 150","1BWWB01","PIII 933GHz","128Mb","20Gb","CR. Jutiapa",,,,
502104789,"01/24/2001","Dell","DELL","Optiplex Gx 150","1CWWB01","PIII 933GHz","128Mb","20Gb","CR. Totonicapan",,,,
867322877,02/07/2002,"DELL","DELL","Precision 340","1DK3M11","P4 2.0 GHz","512Mb","40Gb","Centro de Cómputo","Laboratorio 1",,,
502104789,"01/24/2001","Dell","DELL","Optiplex Gx 150","1DWWB01","PIII 933GHz","128Mb","20Gb","CR. Quiche",,,,
867322877,02/07/2002,"DELL","DELL","Precision 340","1FK3M11","P4 2.0 GHz","512Mb","40Gb","Centro de Cómputo","Laboratorio 1",,,
867322877,02/07/2002,"DELL","DELL","Precision 340","1GK3M11","P4 2.0 GHz","512Mb","40Gb","Centro de Cómputo","Laboratorio 1",,,
867328254,01/07/2002,"DELL","DELL","Precision 340","1GL3M11","P4 2.0 GHz","512Mb","40Gb","Centro de Cómputo","Laboratorio 3",,,
867318891,28/06/2002,"DELL","DELL","Precision 340","1GW0M11","P4 2.0 GHz","512Mb","40Gb","Centro de Cómputo","Laboratorio 4",,,
502104060,"01/24/2001","Dell","DELL","Optiplex Gx 150","1J3YB01","PIII 933GHz","128Mb","20Gb","Biblioteca","Zulma Cifuentes",,,
502104060,"01/24/2001","Dell","DELL","Optiplex Gx 150","1L3YB01","PIII 933GHz","128Mb","20Gb","Registro","Edgardo",,,
867329245,02/07/2002,"DELL","DELL","Precision 340","1LN3M11","P4 2.0 GHz","512Mb","40Gb","Centro de Cómputo","Laboratorio 3",,,
623735611,28/01/2004,"DELL","DELL","Precision 360","1LW0741","P4 3.0 GHz","1.0 Gb","80 Gb","Centro de Cómputo","Laboratorio 5",,,
502104060,"01/24/2001","Dell","DELL","Optiplex Gx 150","1M3YB01","PIII 933GHz","128Mb","20Gb","Centros Regionales","Yesenia Orellana",,,
867329245,02/07/2002,"DELL","DELL","Precision 340","1MN3M11","P4 2.0 GHz","512Mb","40Gb","Centro de Cómputo","Laboratorio 3",,,
502104060,"01/24/2001","Dell","DELL","Optiplex Gx 150","1N3YB01","PIII 933GHz","128Mb","20Gb","Facultad de Derecho","Lic. Omar Morales",,,
877678557,14/07/2002,"DELL","DELL","OptiPlex GX 260T","1NQ2N11","P4 1.8GHz","256 Mb","40 Gb","Facultad de Odontologia",,,,
867153389,07/02/2002,"DELL","DELL","Latitude C610","1RQVL11","PIII 600MHz","256Mb","20Gb",,,,,
"C51724179",19/12/2004,"Dell","DELL","Optiplex Gx 280","1WK1D61","P4 3.0 GHz","2.0 Gb","80 Gb","Centro de Cómputo",,,,
,,,,"Inspiron 2650","1XF1F21",,,,"Facultad de Odontologia",,"Ivan Morales",,
867316333,28/06/2002,"DELL","DELL","Precision 340","1XSXL11","P4 2.0 GHz","512Mb","40Gb","Centro de Cómputo","Laboratorio 3",,,
571473750,05/08/2001,"DELL","DELL","Optiplex GX 150","1Y67L01","PIII 1.0GHz","128Mb","20Gb","Centro de Ingreso de Notas",,,,
571473750,05/08/2001,"Dell","DELL","Optiplex GX 150","1Z67L01","PIII 1.0GHz","128Mb","20Gb","CR. Antigua",,,,
623735611,28/01/2004,"DELL","DELL","Precision 360","1ZV0741","P4 3.0 GHz","1.0 Gb","80 Gb","Centro de Cómputo","Laboratorio 2",,,
571473750,05/08/2001,"Dell","DELL","Optiplex Gx 150","2077L01","PIII 1.0GHz","128Mb","20Gb","Centro de Información",,,,
502103286,"01/19/2001","DELL","DELL","Poweredge 1400","20BKB01","PIII 800MHz","256 Mb","18 Gb","Centro de Cómputo","Lab. Huehuetenango",,,
867320046,01/07/2002,"DELL","DELL","Precision 340","20K3M11","P4 2.0 GHz","512Mb","40Gb","Centro de Cómputo","Laboratorio 1",,,
571473750,05/08/2001,"DELL","DELL","Optiplex GX 150","2177L01","PIII 1.0GHz","128Mb","20Gb","Escuela de Idiomas","Lic. Mericilinda de Herrera",,,
623735611,28/01/2004,"DELL","DELL","Precision 360","21W0741","P4 3.0 GHz","1.0 Gb","80 Gb","Centro de Cómputo","Laboratorio 2",,,
867311284,01/07/2002,"DELL","DELL","Precision 340","24FZL11","P4 2.0 GHz","512Mb","40Gb","Centro de Cómputo","Laboratorio 1",,,
,,,"Dell","Optiplex Gx1","24Z59",,,,"Auditoria","Bancos",,,
,,,"DELL","Optiplex G1","24Z5M","PIII 500MHz","256Mb","40Gb","Facultad de Derecho","Mirta Dávila",,,
,,,"DELL","Optiplex G1","24Z5W","PIII 500MHz","256Mb","40Gb","Contabilidad",,,12/08/2005,
502105745,23/01/2001,"DELL","DELL","Latitude C600","25JWB01","PIII 750MHz","128Mb","10Gb","Ya no Sirve","Equipo Robado",,,
502105745,23/01/2001,"DELL","DELL","Latitude C600","27JWB01","PIII 750MHz","128Mb","10Gb","Auditoria",,,,
502104789,"01/24/2001","Dell","DELL","Optiplex Gx 150","2BWWB01","PIII 933GHz","128Mb","20Gb","Centro de Información",,,,
867322877,02/07/2002,"DELL","DELL","Precision 340","2GK3M11","P4 2.0 GHz","512Mb","40Gb","Centro de Cómputo","Laboratorio 4",,,
867318891,28/06/2002,"DELL","DELL","Precision 340","2GW0M11","P4 2.0 GHz","512Mb","40Gb","Centro de Cómputo","Laboratorio 4",,,
502104060,"01/24/2001","DELL","DELL","Optiplex Gx 150","2K3YB01","PIII 933GHz","128Mb","20Gb","POES",,,,
623735611,28/01/2004,"DELL","DELL","Precision 360","2MW0741","P4 3.0 GHz","1.0 Gb","80 Gb","Centro de Cómputo","Laboratorio 2",,,
"C51165447",19/12/2004,"Dell","DELL","Optiplex Gx 280","2MY0D61","P4 3.0 GHz","1.0 Gb","80 Gb","Centro de Cómputo","Lab. Quetzaltenango",,,
502104060,"01/24/2001","DELL","DELL","Optiplex Gx 150","2N3YB01","PIII 933GHz","128Mb","20Gb","Tesoreria","Amarely González",,,
"C51165447",19/12/2004,"Dell","DELL","Optiplex Gx 280","2NY0D61","P4 3.0 GHz","1.0 Gb","80 Gb","Centro de Cómputo","Lab. Quetzaltenango",,,
502104060,"01/24/2010","Dell","DELL","Optiplex Gx 150","2P3YB01","PIII 933GHz","128Mb","20Gb","Tesoreria","Angelica Ramirez",,,
"C51165447",19/12/2004,"Dell","DELL","Optiplex Gx 280","2PY0D61","P4 3.0 GHz","1.0 Gb","80 Gb","Centro de Cómputo","Lab. Quetzaltenango",,,
,,,,"Inspiron 2650","2QF1F21",,,,"Medicina","Dra. Fion",,,
"C51171153",19/12/2004,"Dell","DELL","Optiplex Gx 280","2VX1D61","P4 3.0 GHz","1.0 Gb","80 Gb","Centro de Cómputo","Lab. Quetzaltenango",,,
867316333,28/06/2002,"DELL","DELL","Precision 340","2WSXL11","P4 2.0 GHz","512Mb","40Gb","Centro de Cómputo","Laboratorio 4",,,
"C51724179",19/12/2004,"Dell","DELL","Optiplex Gx 280","2XK1D61","P4 3.0 GHz","2.0 Gb","80 Gb","Centro de Cómputo","Telecomunicaciones",,,
571473750,05/08/2001,"Dell","DELL","Optiplex Gx 150","2Y67L01","PIII 1.0GHz","128Mb","20Gb","Mineduc","Ivette Urizar","Mail Estudiantes",,
"C51171153",19/12/2004,"Dell","DELL","Optiplex Gx 280","2YX1D61","P4 3.0 GHz","1.0 Gb","80 Gb","Centro de Cómputo","Lab. Chiquimula",,,
571473750,05/08/2001,"Dell","DELL","Optiplex GX 150","2Z67L01","PIII 1.0GHz","128Mb","20Gb","CR. Quetzaltenango",,,,
502103286,"01/19/2001","Dell","DELL","Poweredge 1400","30BKB01","PIII 800MHz","256 Mb","18 Gb","Centro de Cómputo","Lab. San Marcos",,,
571473750,05/08/2001,"DELL","DELL","Optiplex GX 150","3177L01","PIII 1.0GHz","128Mb","20Gb","Casa de Campo",,,,
867323933,01/07/2002,"DELL","DELL","Precision 340","33L3M11","P4 2.0 GHz","512Mb","40Gb","Centro de Cómputo","Laboratorio 1",,,
867311284,01/07/2002,"DELL","DELL","Precision 340","34FZL11","P4 2.0 GHz","512Mb","40Gb","Centro de Cómputo","Laboratorio 1",,,
867320046,01/07/2002,"DELL","DELL","Precision 340","34K3M11","P4 2.0 GHz","512Mb","40Gb","Centro de Cómputo","Laboratorio 3",,,
867311284,01/07/2002,"DELL","DELL","Precision 340","35FZL11","P4 2.0 GHz","512Mb","40Gb","Centro de Cómputo","Laboratorio 3",,,
502105745,23/01/2001,"DELL","DELL","Latitude C600","36JWB01","PIII 750MHz","128Mb","10Gb","Ya no Sirve","Auditoria",,,
502104789,"01/24/2001","Dell","DELL","Optiplex Gx 150","37WWB01","PIII 933GHz","128Mb","20Gb","Centro de Cómputo","Soporte",,,
867321374,01/07/2002,"DELL","DELL","Precision 340","39K3M11","P4 2.0 GHz","512Mb","40Gb","Centro de Cómputo","Laboratorio 3","Diego Boch",,
502104789,"01/24/2001","DELL","DELL","Optiplex Gx 150","3CWWB01","PIII 933GHz","128Mb","20Gb","Contabilidad",,,,
,,"DELL","DELL","Latitiude C600","3DLKW01",,,,"Auditoria",,,,
867322877,02/07/2002,"DELL","DELL","Precision 340","3FK3M11","P4 2.0 GHz","512Mb","40Gb","Centro de Cómputo","Laboratorio 1",,,
867328254,01/07/2002,"DELL","DELL","Precision 340","3GL3M11","P4 2.0 GHz","512Mb","40Gb","Centro de Cómputo","Laboratorio 1",,,
867318891,28/06/2002,"DELL","DELL","Precision 340","3GW0M11","P4 2.0 GHz","512Mb","40Gb","Centro de Cómputo","Laboratorio 4",,,
502104060,"01/24/2001","DELL","DELL","Optiplex Gx 150","3J3YB01","PIII 933GHz","128Mb","20Gb","Centro de Ingreso de Notas",,,,
"C51724179",19/12/2004,"Dell","DELL","Optiplex Gx 280","3K01D61","P4 3.0 GHz","1.0 Gb","80 Gb","Centro de Cómputo","Lab. Chiquimula",,,
502104060,"01/24/2004","Dell","DELL","Optiplex Gx 150","3K3YB01","PIII 933GHz","128Mb","20Gb","Centros Regionales","Olivia Gutierrez",,,
623735611,28/01/2004,"DELL","DELL","Precision 360","3KW0741","P4 3.0 GHz","1.0 Gb","80 Gb","Centro de Cómputo","Laboratorio 2",,,
"C51165447",19/12/2004,"Dell","DELL","Optiplex Gx 280","3KY0D61","P4 3.0 GHz","1.0 Gb","80 Gb","Centro de Cómputo","Lab. Chiquimula",,,
502104060,"01/24/2006","DELL","DELL","Optiplex Gx 150","3L3YB01","PIII 933GHz","128Mb","20Gb","Centro de Ingreso de Notas",,,,
867329245,02/07/2002,"DELL","DELL","Precision 340","3LN3M11","P4 2.0 GHz","512Mb","40Gb","Centro de Cómputo","Laboratorio 4",,,
"C51165447",19/12/2004,"Dell","DELL","Optiplex Gx 280","3LY0D61","P4 3.0 GHz","1.0 Gb","80 Gb","Centro de Cómputo","Lab. Quetzaltenango",,,
502104060,"01/24/2001","Dell","DELL","Optiplex Gx 150","3M3YB01","PIII 933GHz","128Mb","20Gb","Secretaria General","Sara Quinteros",,,
867329245,02/07/2002,"DELL","DELL","Precision 340","3MN3M11","P4 2.0 GHz","512Mb","40Gb","Centro de Cómputo","Laboratorio 4",,30/03/2005,
"C51165447",19/12/2004,"Dell","DELL","Optiplex Gx 280","3NY0D61","P4 3.0 GHz","1.0 Gb","80 Gb","Centro de Cómputo","Lab. Quetzaltenango",,,
877678557,14/07/2002,"DELL","DELL","OptiPlex GX 260T","3PQ2N11","P4 1.8GHz","256 Mb","40 Gb","Facultad de Odontologia",,,,
"C51165447",19/12/2004,"Dell","DELL","Optiplex Gx 280","3PY0D61","P4 3.0 GHz","1.0 Gb","80 Gb","Centro de Cómputo","Lab. Huehuetenango",,,
"C51724179",19/12/2004,"Dell","DELL","Optiplex Gx 280","3VK1D61","P4 3.0 GHz","2.0 Gb","80 Gb","Centro de Cómputo","Lab. San Marcos",,,
"C51171153",19/12/2004,"Dell","DELL","Optiplex Gx 280","3WX1D61","P4 3.0 GHz","1.0 Gb","80 Gb","Centro de Cómputo","Lab. Quetzaltenango",,,
"C51724179",19/12/2004,"Dell","DELL","Optiplex Gx 280","3XK1D61","P4 3.0 GHz","2.0 Gb","80 Gb","Centro de Cómputo","Lab. San Marcos",,,
"C51171153",19/12/2004,"Dell","DELL","Optiplex Gx 280","3XX1D61","P4 3.0 GHz","1.0 Gb","80 Gb","Centro de Cómputo","Lab. Quetzaltenango",,,
571473750,05/08/2001,"DELL","DELL","Optiplex Gx 150","3Y67L01","PIII 1.0GHz","128Mb","20Gb","Centro de Ingreso de Notas",,,,
"C51724179",19/12/2004,"Dell","DELL","Optiplex Gx 280","3YK1D61","P4 3.0 GHz","2.0 Gb","80 Gb","Centro de Cómputo","Lab. San Marcos",,,
867316333,28/06/2002,"DELL","DELL","Precision 340","3YSXL11","P4 2.0 GHz","512Mb","40Gb","Centro de Cómputo","Laboratorio 1",,,
571473750,05/08/2001,"DELL","DELL","Optiplex Gx 150","3Z67L01","PIII 1.0GHz","128Mb","20Gb","Desarrollo",,,,
623735611,28/01/2004,"DELL","DELL","Precision 360","3ZV0741","P4 3.0 GHz","1.0 Gb","80 Gb","Centro de Cómputo","Laboratorio 5",,,
"C51171153",19/12/2004,"Dell","DELL","Optiplex Gx 280","3ZX1D61","P4 3.0 GHz","1.0 Gb","80 Gb","Centro de Cómputo","Lab. Huehuetenango",,,
571473750,05/08/2001,"DELL","DELL","Optiplex GX 150","4077L01","PIII 1.0GHz","128Mb","20Gb","Centro de Cómputo","Bodega",,,
502103286,"01/19/2001","Dell","DELL","Poweredge 1400","40BKB01","PIII 800MHz","256 Mb","18 Gb","Centro de Cómputo","Lab. Chiquimula",,,
623735611,28/01/2004,"DELL","DELL","Precision 360","40W0741","P4 3.0 GHz","1.0 Gb","80 Gb","Centro de Cómputo","Laboratorio 2",,,
"C51171153",19/12/2004,"Dell","DELL","Optiplex Gx 280","40Y1D61","P4 3.0 GHz","1.0 Gb","80 Gb","Centro de Cómputo","Lab. Quetzaltenango",,,
571473750,05/08/2001,"Dell","DELL","Optiplex Gx 150","4177L01","PIII 1.0GHz","128Mb","20Gb","Asuntos Estudiantiles",,,,
623735611,28/01/2004,"DELL","DELL","Precision 360","41W0741","P4 3.0 GHz","1.0 Gb","80 Gb","Centro de Cómputo","Laboratorio 4",,,
867323933,01/07/2002,"DELL","DELL","Precision 340","42L3M11","P4 2.0 GHz","512Mb","40Gb","Centro de Cómputo","Laboratorio 4",,,
867311284,01/07/2002,"DELL","DELL","Precision 340","44FZL11","P4 2.0 GHz","512Mb","40Gb","Centro de Cómputo","Laboratorio 3",,,
497512492,13/10/2003,"DELL","DELL","Precision 360","459YM31","P4 2.4GHz","1G Mb","40 Gb","Facultad de Odontologia","Willy Nedelly",,,
867311284,01/07/2002,"DELL","DELL","Precision 340","45FZL11","P4 2.0 GHz","512Mb","40Gb","Centro de Cómputo","Laboratorio 1",,,
867321374,01/07/2002,"DELL","DELL","Precision 340","49K3M11","P4 2.0 GHz","512Mb","40Gb","Centro de Cómputo","Laboratorio 3",,,
,,,,,"4BLKW01",,,,"Centro de Cómputo","Director de Centro de Cómputo",,,
502104789,"01/24/2001","DELL","DELL","Optiplex Gx 150","4BWWB01","PIII 933GHz","128Mb","20Gb","Facultad de Derecho Matutino",,,,
571473768,05/10/2001,"DELL","DELL","Optiplex Gx 150","4DM6L01","PIII 1.0GHz","128Mb","20Gb","Centro de Ingreso de Notas",,,,
502104789,"01/24/2001","Dell","DELL","Optiplex Gx 150","4DWWB01","PIII 933GHz","128Mb","20Gb","POES",,,,
867322877,02/07/2002,"DELL","DELL","Precision 340","4FK3M11","P4 2.0 GHz","512Mb","40Gb","Centro de Cómputo","Laboratorio 4",,,
867328254,01/07/2002,"DELL","DELL","Precision 340","4FL3M11","P4 2.0 GHz","512Mb","40Gb","Centro de Cómputo","Laboratorio 1",,,
867318891,28/06/2002,"DELL","DELL","Precision 340","4GW0M11","P4 2.0 GHz","512Mb","40Gb","Centro de Cómputo","Laboratorio 1",,,
502104060,"01/24/2001","Dell","DELL","Optiplex Gx 150","4J3YB01","PIII 933GHz","128Mb","20Gb","CR. Escuintla",,,,
"C51165447",19/12/2004,"Dell","DELL","Optiplex Gx 280","4JY0D61","P4 3.0 GHz","1.0 Gb","80 Gb","Centro de Cómputo","Lab. Huehuetenango",,13/04/2005,
502104060,"01/24/2001","Dell","DELL","Optiplex Gx 150","4K3YB01","PIII 933GHz","128Mb","20Gb","Centro de Cómputo","Laboratorio 4",,,
502104060,"01/24/2001","DELL","DELL","Optiplex Gx 150","4L3YB01","PIII 933GHz","128Mb","20Gb","CR. Chimaltenango",,,,
867329245,02/07/2002,"DELL","DELL","Precision 340","4LN3M11","P4 2.0 GHz","512Mb","40Gb","Centro de Cómputo","Laboratorio 3",,,
623735611,28/01/2004,"DELL","DELL","Precision 360","4LW0741","P4 3.0 GHz","1.0 Gb","80 Gb","Centro de Cómputo","Laboratorio 2",,,
502104060,"01/24/2001","DELL","DELL","Optiplex Gx 150","4M3YB01","PIII 933GHz","128Mb","20Gb","Centro de Ingreso de Notas",,,,
867329245,02/07/2002,"DELL","DELL","Precision 340","4MN3M11","P4 2.0 GHz","512Mb","40Gb","Centro de Cómputo","Laboratorio 1",,,
502104060,"01/24/2002","Dell","DELL","Optiplex Gx 150","4N3YB01","PIII 933GHz","128Mb","20Gb","Biblioteca",,,,
877678557,14/07/2002,"DELL","DELL","OptiPlex GX 260T","4NQ2N11","P4 1.8GHz","256 Mb","40 Gb","Facultad de Odontologia",,,,
,,,,"Inspiron 2650","4RF1F21",,,,"Facultad de Odontologia",,,,
867316333,28/06/2002,"DELL","DELL","Precision 340","4XSXL11","P4 2.0 GHz","512Mb","40Gb","Centro de Cómputo","Laboratorio 3",,,
571473750,05/08/2001,"Dell","DELL","Optiplex Gx 150","4Y67L01","PIII 1.0GHz","128Mb","20Gb","CR. Antigua",,,,
867316333,28/06/2002,"DELL","DELL","Precision 340","4YSXL11","P4 2.0 GHz","512Mb","40Gb","Centro de Cómputo","Laboratorio 1",,,
571473750,05/08/2001,"DELL","DELL","Optiplex Gx 150","4Z67L01","PIII 1.0GHz","128Mb","20Gb","Casa de Campo",,,,
502103286,"01/19/2001","DELL","DELL","Poweredge 1400","50BKB01","PIII 800MHz","256 Mb","18 Gb","Centro de Cómputo","Bodega",,,
867320046,01/07/2002,"DELL","DELL","Precision 340","50K3M11","P4 2.0 GHz","512Mb","40Gb","Centro de Cómputo","Laboratorio 4",,,
571473750,05/08/2001,"Dell","DELL","Optiplex Gx 150","5177L01","PIII 1.0GHz","256Mb","20Gb","Medicina",,,,
497512492,13/10/2003,"DELL","DELL","Precision 360","559YM31","P4 2.4GHz","1G Mb","40 Gb","Medicina",,,,
867311284,01/07/2002,"DELL","DELL","Precision 340","55FZL11","P4 2.0 GHz","512Mb","40Gb","Centro de Cómputo","Laboratorio 1",,,
502104789,"01/24/2001","Dell","DELL","Optiplex Gx 150","56WWB01","PIII 933GHz","128Mb","20Gb","CR. Quiche",,,,
867321374,01/07/2002,"DELL","DELL","Precision 340","59K3M11","P4 2.0 GHz","512Mb","40Gb","Centro de Cómputo","Laboratorio 3",,,
502104789,"01/24/2001","DELL","DELL","Optiplex Gx 150","5CWWB01","PIII 933GHz","128Mb","20Gb","Registro",,,,
867318891,28/06/2002,"DELL","DELL","Precision 340","5GW0M11","P4 2.0 GHz","512Mb","40Gb","Centro de Cómputo","Laboratorio 4",,,
"C51724179",19/12/2004,"Dell","DELL","Optiplex Gx 280","5K01D61","P4 3.0 GHz","1.0 Gb","80 Gb","Centro de Cómputo","Lab. Chiquimula",,,
"C51165447",19/12/2004,"Dell","DELL","Optiplex Gx 280","5KY0D61","P4 3.0 GHz","1.0 Gb","80 Gb","Centro de Cómputo","Lab. Huehuetenango",,,
"C51165447",19/12/2004,"Dell","DELL","Optiplex Gx 280","5LY0D61","P4 3.0 GHz","1.0 Gb","80 Gb","Centro de Cómputo","Lab. Chiquimula",,,
867329245,02/07/2002,"DELL","DELL","Precision 340","5MN3M11","P4 2.0 GHz","512Mb","40Gb","Centro de Cómputo","Laboratorio 3",,,
"C51165447",19/12/2004,"Dell","DELL","Optiplex Gx 280","5MY0D61","P4 3.0 GHz","1.0 Gb","80 Gb","Centro de Cómputo","Lab. Quetzaltenango",,,
"C51724179",19/12/2004,"Dell","DELL","Optiplex Gx 280","5VK1D61","P4 3.0 GHz","2.0 Gb","80 Gb","Centro de Cómputo","Lab. San Marcos",,,
"C51724179",19/12/2004,"Dell","DELL","Optiplex Gx 280","5WK1D61","P4 3.0 GHz","2.0 Gb","80 Gb","Centro de Cómputo","Lab. San Marcos",,,
571473750,05/08/2001,"Dell","DELL","Optiplex GX 150","5Y67L01","PIII 1.0GHz","128Mb","20Gb","Registro","Lic. Alcantara",,,
"C51171153",19/12/2004,"Dell","DELL","Optiplex Gx 280","5YX1D61","P4 3.0 GHz","1.0 Gb","80 Gb","Centro de Cómputo","Lab. Quetzaltenango",,,
623735611,28/01/2004,"DELL","DELL","Precision 360","5ZV0741","P4 3.0 GHz","1.0 Gb","80 Gb","Centro de Cómputo","Laboratorio 1",,,
571473750,05/08/2001,"DELL","DELL","Optiplex GX 150","6077L01","PIII 1.0GHz","128Mb","20Gb","Facultad de Derecho Matutino",,,,
623735611,28/01/2004,"DELL","DELL","Precision 360","60W0741","P4 3.0 GHz","1.0 Gb","80 Gb","Centro de Cómputo","Laboratorio 5",,,
571473750,05/08/2001,"DELL","DELL","Optiplex Gx 150","6177L01","PIII 1.0GHz","128Mb","20Gb","Facultad de Ing. Sistemas Matutino",,,,
867323933,01/07/2002,"DELL","DELL","Precision 340","61L3M11","P4 2.0 GHz","512Mb","40Gb","Centro de Cómputo","Laboratorio 4",,,
623735611,28/01/2004,"DELL","DELL","Precision 360","61W0741","P4 3.0 GHz","1.0 Gb","80 Gb","Centro de Cómputo","Laboratorio 2",,,
"C51171153",19/12/2004,"Dell","DELL","Optiplex Gx 280","61Y1D61","P4 3.0 GHz","1.0 Gb","80 Gb","Centro de Cómputo","Lab. Quetzaltenango",,,
867311284,01/07/2002,"DELL","DELL","Precision 340","64FZL11","P4 2.0 GHz","512Mb","40Gb","Centro de Cómputo","Laboratorio 3",,,
867311284,01/07/2002,"DELL","DELL","Precision 340","65FZL11","P4 2.0 GHz","512Mb","40Gb","Centro de Cómputo","Laboratorio 1",,,
502104789,"01/24/2001","Dell","DELL","Optiplex Gx 150","66WWB01","PIII 933GHz","128Mb","20Gb","Registro","Evelyn Rios",,,
502104789,"01/24/2001","Dell","DELL","Optiplex Gx 150","67WWB01","PIII 933GHz","128Mb","20Gb","CR. Retalhuleu",,,,
867321374,01/07/2002,"DELL","DELL","Precision 340","69K3M11","P4 2.0 GHz","512Mb","40Gb","Centro de Cómputo","Laboratorio 1",,13/04/2005,
502104789,"01/24/2001","Dell","DELL","Optiplex Gx 150","6BWWB01","PIII 933GHz","128Mb","20Gb","Centro de Cómputo","Laboratorio 3",,,
502104789,"01/24/2001","DELL","DELL","Optiplex Gx 150","6CWWB01","PIII 933GHz","128Mb","20Gb",,,,,
571473768,05/10/2001,"DELL","DELL","Optiplex Gx 150","6DM6L01","PIII 1.0GHz","128Mb","20Gb","Centro de Ingreso de Notas",,,,
502104789,"01/24/2001","Dell","DELL","Optiplex Gx 150","6DWWB01","PIII 933GHz","128Mb","20Gb","Registro","Maria Cruz Santizo",,,
867328254,01/07/2002,"DELL","DELL","Precision 340","6FL3M11","P4 2.0 GHz","512Mb","40Gb","Centro de Cómputo","Laboratorio 3",,,
867328254,01/07/2002,"DELL","DELL","Precision 340","6GL3M11","P4 2.0 GHz","512Mb","40Gb","Centro de Cómputo","Laboratorio 1",,,
867318891,28/06/2002,"DELL","DELL","Precision 340","6GW0M11","P4 2.0 GHz","512Mb","40Gb","Centro de Cómputo","Laboratorio 4",,,
,,"DELL","DELL","Dimension L700CX","6J08F01",,,,"Medicina","Dra. Colom",,,
502104060,"01/24/2001","Dell","DELL","Optiplex Gx 150","6J3YB01","PIII 933GHz","128Mb","20Gb","Contabilidad",,,,
502104060,"01/24/2001","Dell","DELL","Optiplex Gx 150","6K3YB01","PIII 933GHz","128Mb","20Gb","Centro de Cómputo","Soporte",,31/03/2005,
623735611,28/01/2004,"DELL","DELL","Precision 360","6KW0741","P4 3.0 GHz","1.0 Gb","80 Gb","Centro de Cómputo","Laboratorio 5","Salul Gallo",,
502104060,"01/24/2001","DELL","DELL","Optiplex Gx 150","6L3YB01","PIII 933GHz","128Mb","20Gb",,,,,
867329245,02/07/2002,"DELL","DELL","Precision 340","6LN3M11","P4 2.0 GHz","512Mb","40Gb","Centro de Cómputo","Laboratorio 4",,,
867329245,02/07/2002,"DELL","DELL","Precision 340","6MN3M11","P4 2.0 GHz","512Mb","40Gb","Centro de Cómputo","Laboratorio 4",,,
"C51165447",19/12/2004,"Dell","DELL","Optiplex Gx 280","6NY0D61","P4 3.0 GHz","1.0 Gb","80 Gb","Centro de Cómputo","Lab. Huehuetenango",,,
"C51171153",19/12/2004,"Dell","DELL","Optiplex Gx 280","6TX1D61","P4 3.0 GHz","1.0 Gb","80 Gb","Centro de Cómputo","Lab. Quetzaltenango",,,
"C51171153",19/12/2004,"Dell","DELL","Optiplex Gx 280","6VX1D61","P4 3.0 GHz","1.0 Gb","80 Gb","Centro de Cómputo","Lab. Quetzaltenango",,,
867316333,28/06/2002,"DELL","DELL","Precision 340","6WSXL11","P4 2.0 GHz","512Mb","40Gb","Centro de Cómputo","Laboratorio 1",,,
"C51171153",19/12/2004,"Dell","DELL","Optiplex Gx 280","6XX1D61","P4 3.0 GHz","1.0 Gb","80 Gb","Centro de Cómputo","Lab. Quetzaltenango",,,
"C51724179",19/12/2004,"Dell","DELL","Optiplex Gx 280","6YK1D61","P4 3.0 GHz","2.0 Gb","80 Gb","Centro de Cómputo","Lab. San Marcos",,,
867316333,28/06/2002,"DELL","DELL","Precision 340","6YSXL11","P4 2.0 GHz","512Mb","40Gb","Centro de Cómputo","Laboratorio 4",,,
623735611,28/01/2004,"DELL","DELL","Precision 360","6ZV0741","P4 3.0 GHz","1.0 Gb","80 Gb","Centro de Cómputo","Laboratorio 5",,,
571473750,05/08/2001,"DELL","DELL","Optiplex Gx 150","7077L01","PIII 1.0GHz","128Mb","20Gb","Centro de Ingreso de Notas",,,,
623735611,28/01/2004,"DELL","DELL","Precision 360","70W0741","P4 3.0 GHz","1.0 Gb","80 Gb","Centro de Cómputo","Laboratorio 5",,,
"C51171153",19/12/2004,"Dell","DELL","Optiplex Gx 280","70Y1D61","P4 3.0 GHz","1.0 Gb","80 Gb","Centro de Cómputo","Lab. Quetzaltenango",,,
623735611,28/01/2004,"DELL","DELL","Precision 360","71W0741","P4 3.0 GHz","1.0 Gb","80 Gb","Centro de Cómputo","Laboratorio 5",,,
867323933,01/07/2002,"DELL","DELL","Precision 340","72L3M11","P4 2.0 GHz","512Mb","40Gb","Centro de Cómputo","Laboratorio 4",,,
867320046,28/06/2002,"DELL","DELL","Precision 340","74K3M11","P4 2.0 GHz","512Mb","40Gb","Centro de Cómputo","Laboratorio 3",,,
497512492,13/10/2003,"DELL","DELL","Precision 360","759YM31","P4 2.4GHz","1G Mb","40 Gb","Medicina",,,,
502104789,"01/24/2001","DELL","DELL","Optiplex Gx 150","76WWB01","PIII 933GHz","128Mb","20Gb",,,,,
502104789,"01/24/2001","Dell","DELL","Optiplex Gx 150","79WWB01","PIII 933GHz","128Mb","20Gb","Tesoreria","Martha de Rodriguez",,,
867321374,01/07/2002,"DELL","DELL","Precision 340","7BK3M11","P4 2.0 GHz","512Mb","40Gb","Centro de Cómputo","Laboratorio 3",,,
571473768,05/10/2001,"DELL","DELL","Optiplex Gx 150","7DM6L01","PIII 1.0GHz","128Mb","20Gb","Centro de Ingreso de Notas",,,,
867318891,28/06/2002,"DELL","DELL","Precision 340","7GW0M11","P4 2.0 GHz","512Mb","40Gb","Centro de Cómputo","Laboratorio 1",,,
"C51171153",19/12/2004,"Dell","DELL","Optiplex Gx 280","7GZ1D61","P4 3.0 GHz","1.0 Gb","80 Gb","Centro de Cómputo","Lab. Quetzaltenango",,,
502104060,"01/24/2001","DELL","DELL","Optiplex Gx 150","7J3YB01","PIII 933GHz","128Mb","20Gb","Facultad de Teologia",,,,
"C51165447",19/12/2004,"Dell","DELL","Optiplex Gx 280","7JY0D61","P4 3.0 GHz","1.0 Gb","80 Gb","Centro de Cómputo","Lab. Chiquimula",,,
502104060,"01/24/2001","DELL","DELL","Optiplex Gx 150","7K3YB01","PIII 933GHz","128Mb","20Gb","Tesoreria","Aura Cabrera",,,
878697995,16/07/2002,"DELL","DELL","Precision 530","7KCBN11","P4 2.0 GHz","512 Mb","36 Gb","Facultad de Ing. Sistemas Matutino","Ing. Rolando Torres",,,
571473768,05/10/2001,"Dell","DELL","Optiplex Gx 150","7KM6L01","PIII 1.0GHz","128Mb","20Gb","Mineduc","Alejandra Rojas",,,
,,"DELL","DELL","Dimension XPS 8100","7KMSL01",,,,"Medicina","Ricardo San Jose",,,
623735611,28/01/2004,"DELL","DELL","Precision 360","7KW0741","P4 3.0 GHz","1.0 Gb","80 Gb","Centro de Cómputo","Laboratorio 5",,,
502104060,"01/24/2001","DELL","DELL","Optiplex Gx 150","7L3YB01","PIII 933GHz","128Mb","20Gb",,,,,
"B87011200",11/03/2004,"DELL","DELL","PowerEdge 400sc","7L85Z51","P4  3.2GHz","2 Gb","73Gb","Biblioteca","Servidor",,,
623735611,28/01/2004,"DELL","DELL","Precision 360","7LW0741","P4 3.0 GHz","1.0 Gb","80 Gb","Centro de Cómputo","Laboratorio 2",,,
"C51165447",19/12/2004,"Dell","DELL","Optiplex Gx 280","7LY0D61","P4 3.0 GHz","1.0 Gb","80 Gb","Centro de Cómputo","Lab. Chiquimula",,,
502104060,"01/24/2001","DELL","DELL","Optiplex Gx 150","7M3YB01","PIII 933GHz","128Mb","20Gb","Escuela de Comunicaciones",,,,
"C51165447",19/12/2004,"Dell","DELL","Optiplex Gx 280","7MY0D61","P4 3.0 GHz","1.0 Gb","80 Gb","Centro de Cómputo","Lab. Chiquimula",,,
877678557,14/07/2002,"DELL","DELL","OptiPlex GX 260T","7PQ2N11","P4 1.8GHz","256 Mb","40 Gb","Facultad de Odontologia",,,,
867322877,02/07/2002,"DELL","DELL","Precision 340","7TFK3M11","P4 2.0 GHz","512Mb","40Gb","Centro de Cómputo","Laboratorio 4",,,
"C51171153",19/12/2004,"Dell","DELL","Optiplex Gx 280","7WX1D61","P4 3.0 GHz","1.0 Gb","80 Gb","Centro de Cómputo","Lab. Quetzaltenango",,,
867316333,28/06/2002,"DELL","DELL","Precision 340","7XSXL11","P4 2.0 GHz","512Mb","40Gb","Centro de Cómputo","Laboratorio 3",,,
571473750,05/08/2001,"Dell","DELL","Optiplex GX 150","7Y67L01","PIII 1.0GHz","128Mb","20Gb","Casa de Campo",,,,
571473750,05/08/2001,"DELL","DELL","Optiplex Gx 150","7Z67L01","PIII 1.0GHz","128Mb","20Gb","Auditoria",,,,
"C51171153",19/12/2004,"Dell","DELL","Optiplex Gx 280","7ZX1D61","P4 3.0 GHz","1.0 Gb","80 Gb","Centro de Cómputo","Lab. Huehuetenango",,,
571473750,05/08/2001,"DELL","DELL","Optiplex Gx 150","8077L01","PIII 1.0GHz","128Mb","20Gb","Casa de Campo",,,,
867311284,01/07/2002,"DELL","DELL","Precision 340","84FZL11","P4 2.0 GHz","512Mb","40Gb","Centro de Cómputo","Laboratorio 3",,,
867311284,01/07/2002,"DELL","DELL","Precision 340","85FZL11","P4 2.0 GHz","512Mb","40Gb","Centro de Cómputo","Laboratorio 3",,,
867321374,01/07/2002,"DELL","DELL","Precision 340","89K3M11","P4 2.0 GHz","512Mb","40Gb","Centro de Cómputo","Laboratorio 3",,,
502104789,"01/24/2001","Dell","DELL","Optiplex Gx 150","8BWWB01","PIII 933GHz","128Mb","20Gb","CR. Quetzaltenango",,,,
502104789,"01/24/2001","Dell","DELL","Optiplex Gx 150","8CWWB01","PIII 933GHz","128Mb","20Gb","CED","Prof. Barrrios",,,
867328254,01/07/2002,"DELL","DELL","Precision 340","8FL3M11","P4 2.0 GHz","512Mb","40Gb","Centro de Cómputo","Laboratorio 4",,,
867328254,01/07/2002,"DELL","DELL","Precision 340","8GL3M11","P4 2.0 GHz","512Mb","40Gb","Centro de Cómputo","Laboratorio 3",,,
867318891,28/06/2002,"DELL","DELL","Precision 340","8GW0M11","P4 2.0 GHz","512Mb","40Gb","Centro de Cómputo","Laboratorio 4",,,
502104060,"01/24/2001","Dell","DELL","Optiplex Gx 150","8J3YB01","PIII 933GHz","128Mb","20Gb","Ceprod","Eleazar",,,
502104060,"01/24/2001","DELL","DELL","Optiplex Gx 150","8K3YB01","PIII 933GHz","128Mb","20Gb","Centro de Ingreso de Notas",,,,
"C51165447",19/12/2004,"Dell","DELL","Optiplex Gx 280","8KY0D61","P4 3.0 GHz","1.0 Gb","80 Gb","Centro de Cómputo","Lab. Chiquimula",,,
867329245,02/07/2002,"DELL","DELL","Precision 340","8LN3M11","P4 2.0 GHz","512Mb","40Gb","Centro de Cómputo","Laboratorio 4",,,
502104060,"01/24/2001","DELL","DELL","Optiplex Gx 150","8M3YB01","PIII 933GHz","128Mb","20Gb","Escuela de Comunicaciones",,,,
877678557,14/07/2002,"DELL","DELL","OptiPlex GX 260T","8NQ2N11","P4 1.8GHz","256 Mb","40 Gb","Facultad de Odontologia",,,,
"C51165447",19/12/2004,"Dell","DELL","Optiplex Gx 280","8NY0D61","P4 3.0 GHz","1.0 Gb","80 Gb","Centro de Cómputo","Lab. Chiquimula",,,
163184188,22/11/2002,"DELL","DELL","Inspiron 2650","8PM6321","P4 1.7 GHz","32 Mb","30 Gb","Maestrias de Administración","Lic. Coronado",,,
,,,,"Inspiron 2650","8TF1F21",,,,"Medicina",,,,
"C51724179",19/12/2004,"Dell","DELL","Optiplex Gx 280","8VK1D61","P4 3.0 GHz","2.0 Gb","80 Gb","Centro de Cómputo","Telecomunicaciones",,,
"C51724179",19/12/2004,"Dell","DELL","Optiplex Gx 280","8WK1D61","P4 3.0 GHz","2.0 Gb","80 Gb","Centro de Cómputo","Lab. Quetzaltenango","Proxy",,
571473750,05/08/2001,"Dell","DELL","Optiplex GX 150","8X67L01","PIII 1.0GHz","512 Mb","20Gb","Centro de Cómputo","Telecomunicaciones",,,
"C51724179",19/12/2004,"Dell","DELL","Optiplex Gx 280","8XK1D61","P4 3.0 GHz","2.0 Gb","80 Gb","Centro de Cómputo","Lab. San Marcos","Servidor de Pruebas",,
"C51171153",19/12/2004,"Dell","DELL","Optiplex Gx 280","8XX1D61","P4 3.0 GHz","1.0 Gb","80 Gb","Centro de Cómputo","Lab. Chiquimula",,,
571473750,05/08/2001,"Dell","DELL","Optiplex Gx 150","8Y67L01","PIII 1.0GHz","128Mb","20Gb","Medicina",,,,
"C51724179",19/12/2004,"Dell","DELL","Optiplex Gx 280","8YK1D61","P4 3.0 GHz","2.0 Gb","80 Gb","Centro de Cómputo","Lab. Quetzaltenango",,,
571473750,05/08/2001,"Dell","DELL","Optiplex GX 150","8Z67L01","PIII 1.0GHz","128Mb","20Gb","CR. Antigua",,,,
623735611,28/01/2004,"DELL","DELL","Precision 360","90W0741","P4 3.0 GHz","1.0 Gb","80 Gb","Centro de Cómputo","Laboratorio 5",,,
"C51171153",19/12/2004,"Dell","DELL","Optiplex Gx 280","90Y1D61","P4 3.0 GHz","1.0 Gb","80 Gb","Centro de Cómputo","Lab. Chiquimula",,,
867323933,01/07/2002,"DELL","DELL","Precision 340","91L3M11","P4 2.0 GHz","512Mb","40Gb","Centro de Cómputo","Laboratorio 1",,,
867323933,01/07/2002,"DELL","DELL","Precision 340","92L3M11","P4 2.0 GHz","512Mb","40Gb","Secretaria General",,,,
867323933,01/07/2002,"DELL","DELL","Precision 340","93L3M11","P4 2.0 GHz","512Mb","40Gb","Centro de Cómputo","Laboratorio 1",,,
502104789,"01/24/2001","Dell","DELL","Optiplex Gx 150","97WWB01","PIII 933GHz","128Mb","20Gb","CR. Zacapa",,,,
502105745,23/01/2001,"DELL","DELL","Latitude C600","98JWB01","PIII 750MHz","128Mb","10Gb","Auditoria",,,16/03/2005,
867321374,01/07/2002,"DELL","DELL","Precision 340","99K3M11","P4 2.0 GHz","512Mb","40Gb","Centro de Cómputo","Laboratorio 3",,,
571473750,05/08/2001,"DELL","DELL","Optiplex Gx 150","9077L01","PIII 1.0GHz","128Mb","20Gb","Centro de Ingreso de Notas",,,,
571473768,05/10/2001,"Dell","DELL","Optiplex Gx 150","9DM6L01","PIII 1.0GHz","128Mb","20Gb","Mineduc","Celene Figueroa",,,
867322877,02/07/2002,"DELL","DELL","Precision 340","9FK3M11","P4 2.0 GHz","512Mb","40Gb","Centro de Cómputo","Laboratorio 4",,,
867318891,28/06/2002,"DELL","DELL","Precision 340","9GW0M11","P4 2.0 GHz","512Mb","40Gb","Centro de Cómputo","Laboratorio 3",,,
"C51165447",19/12/2004,"Dell","DELL","Optiplex Gx 280","9HY0D61","P4 3.0 GHz","1.0 Gb","80 Gb","Centro de Cómputo","Lab. Huehuetenango",,,
,,,,"Dimension L700CX","9J08F01",,,,"Medicina",,,,
"C51165447",19/12/2004,"Dell","DELL","Optiplex Gx 280","9JY0D61","P4 3.0 GHz","1.0 Gb","80 Gb","Centro de Cómputo","Lab. Quetzaltenango",,,
"C51724179",19/12/2004,"Dell","DELL","Optiplex Gx 280","9K01D61","P4 3.0 GHz","1.0 Gb","80 Gb","Centro de Cómputo","Lab. Chiquimula",,,
571473768,05/10/2001,"DELL","DELL","Optiplex Gx 150","9KM6L01","PIII 1.0GHz","128Mb","20Gb","Biblioteca",,,,
623735611,28/01/2004,"DELL","DELL","Precision 360","9LW0741","P4 3.0 GHz","1.0 Gb","80 Gb","Centro de Cómputo","Laboratorio 2",,,
"C51165447",19/12/2004,"Dell","DELL","Optiplex Gx 280","9MY0D61","P4 3.0 GHz","1.0 Gb","80 Gb","Centro de Cómputo","Lab. Quetzaltenango",,,
502104060,"01/24/2009","Dell","DELL","Optiplex Gx 150","9N3YB01","PIII 933GHz","128Mb","20Gb","Secretaria General",,,,
571473792,05/09/2001,"DELL","DELL","Latitude C600","9QS4L01","PIII 750MHz","128Mb","20Gb","Ya no Sirve","Walter Herrera",,,
"C51171153",19/12/2004,"Dell","DELL","Optiplex Gx 280","9VX1D61","P4 3.0 GHz","1.0 Gb","80 Gb","Centro de Cómputo","Lab. Huehuetenango",,,
"C51171153",19/12/2004,"Dell","DELL","Optiplex Gx 280","9WX1D61","P4 3.0 GHz","1.0 Gb","80 Gb","Centro de Cómputo","Lab. Huehuetenango",,,
571473750,05/08/2001,"DELL","DELL","Optiplex GX 150","9X67L01","PIII 1.0GHz","128Mb","20Gb","Casa de Campo",,,,
867316333,28/06/2002,"DELL","DELL","Precision 340","9XSXL11","P4 2.0 GHz","512Mb","40Gb","Centro de Cómputo","Laboratorio 1",,,
571473750,05/08/2001,"Dell","DELL","Optiplex Gx 150","9Y67L01","PIII 1.0GHz","128Mb","20Gb","CR. Antigua",,,,
867320046,01/07/2002,"DELL","DELL","Precision 340","9YJ3M11","P4 2.0 GHz","512Mb","40Gb","Centro de Cómputo","Laboratorio 1",,,
"C51724179",19/12/2004,"Dell","DELL","Optiplex Gx 280","9YK1D61","P4 3.0 GHz","2.0 Gb","80 Gb","Centro de Cómputo","Lab. San Marcos",,,
623735611,28/01/2004,"DELL","DELL","Precision 360","9YV0741","P4 3.0 GHz","1.0 Gb","80 Gb","Centro de Cómputo","Laboratorio 2",,,
"C51171153",19/12/2004,"Dell","DELL","Optiplex Gx 280","9YX1D61","P4 3.0 GHz","1.0 Gb","80 Gb","Centro de Cómputo","Lab. Quetzaltenango",,,
571473750,05/08/2001,"DELL","DELL","Optiplex GX 150","9Z67L01","PIII 1.0GHz","128Mb","20Gb","Secretaria General",,,,
623735611,28/01/2004,"DELL","DELL","Precision 360","9ZV0741","P4 3.0 GHz","1.0 Gb","80 Gb","Centro de Cómputo","Laboratorio 5",,,
623735611,28/01/2004,"DELL","DELL","Precision 360","B0W0741","P4 3.0 GHz","1.0 Gb","80 Gb","Centro de Cómputo","Laboratorio 5",,,
623735611,28/01/2004,"DELL","DELL","Precision 360","B1W0741","P4 3.0 GHz","1.0 Gb","80 Gb","Centro de Cómputo","Desarrollo Web",,,
"C51171153",19/12/2004,"Dell","DELL","Optiplex Gx 280","B1Y1D61","P4 3.0 GHz","1.0 Gb","80 Gb","Centro de Cómputo","Lab. Chiquimula","Gustavo Reyes",,
867311284,01/07/2002,"DELL","DELL","Precision 340","B4FZL11","P4 2.0 GHz","512Mb","40Gb","Centro de Cómputo","Laboratorio 1",,,
867320046,01/07/2002,"DELL","DELL","Precision 340","B4K3M11","P4 2.0 GHz","512Mb","40Gb","Centro de Cómputo","Laboratorio 1",,,
497512492,13/10/2003,"DELL","DELL","Precision 360","B59YM31","P4 2.4GHz","1G Mb","40 Gb","Facultad de Odontologia",,,,
502104789,"01/24/2001","DELL","DELL","Optiplex Gx 150","B6WWB01","PIII 933GHz","128Mb","20Gb","Contabilidad",,,,
867321374,01/07/2002,"DELL","DELL","Precision 340","B9K3M11","P4 2.0 GHz","512Mb","40Gb","Centro de Cómputo","Laboratorio 1",,,
502104789,"01/24/2001","Dell","DELL","Optiplex Gx 150","B9WWB01","PIII 933GHz","128Mb","20Gb","Desarrollo",,,,
502104789,"01/24/2001","Dell","DELL","Optiplex Gx 150","BBWWB01","PIII 933GHz","128Mb","20Gb","Registro","Victor Aguilar",,,
867322877,02/07/2002,"DELL","DELL","Precision 340","BCK3M11","P4 2.0 GHz","512Mb","40Gb","Centro de Cómputo","Laboratorio 1",,,
502104789,"01/24/2001","DELL","DELL","Optiplex Gx 150","BCWWB01","PIII 933GHz","128Mb","20Gb","Auditoria",,,,
,,"DELL","DELL","Dimension XPS T500","BDE37",,,,"Librería",,,,
867328254,01/07/2002,"DELL","DELL","Precision 340","BDL3M11","P4 2.0 GHz","512Mb","40Gb","Centro de Cómputo","Laboratorio 1",,,
310882501,"12/15/1999","Dell","Dell","Optiplex Gx 110","BE012","PIII 100MHz",128,"6.4 GB","Unidad de Pagos","Sulma Guzman",,,
310882501,"12/15/1999","DELL","DELL","Optiplex Gx 110","BE013","PIII 500MHz","128Mb","6.4Gb","Casa de Campo",,,,
310882501,"12/15/1999","DELL","DELL","Optiplex Gx 110","BE014","PIII 500MHz","128Mb","6.4Gb","CR. Coban",,,,
310882501,"12/15/1999","DELL","DELL","Optiplex Gx 110","BE015","PIII 500MHz","128Mb","6.4Gb","Contabilidad",,,,
310882501,"12/15/1999","Dell","Dell","Optiplex Gx 110","BE020","PIII 500MHz","128Mb","6.4Gb","CR. Quetzaltenango",,,,
310882501,"12/15/1999","DELL","DELL","Optiplex Gx 110","BE023","PIII 500MHz","128Mb","6.4Gb",,,,,
310882501,"12/15/1999","DELL","DELL","Optiplex Gx 110","BE030","PIII 500MHz","128Mb","6.4Gb","Facultad de Derecho","Ciencias Económicas",,,
310882501,"12/15/1999","DELL","DELL","Optiplex Gx 110","BE026","PIII 500MHz","128Mb","6.4Gb","Registro",,,,
310882501,"12/15/1999","Dell","Dell","Optiplex Gx 110","BE028","PIII 100MHz",128,"6.4 GB","Personal","Elizabeth Mazariegos",,,
310882501,"12/15/1999","DELL","DELL","Optiplex Gx 110","BE02B","PIII 500MHz","128Mb","6.4Gb",,,,,
,,,,"Optiplex G1","BE02BL","PIII 500MHz","128Mb","6Gb","CR. Puerto Barrios",,,,
310882501,"12/15/1999","DELL","DELL","Optiplex Gx 110","BE02C","PIII 500MHz","128Mb","6.4Gb","Ya no Sirve",,,,
310882501,"12/15/1999","Dell","Dell","Optiplex Gx 110","BE02F","PIII 500MHz","128Mb","6.4Gb","CR. Petén",,,,
310882501,"12/15/1999","DELL","DELL","Optiplex Gx 110","BE021","PIII 500MHz","128Mb","6.4Gb","CR. Escuintla",,,,
310882501,"12/15/1999","Dell","Dell","Optiplex Gx 110","BE02N","PIII 100MHz",128,"6.4 GB","Carné","Mayra Perez",,,
310882501,"12/15/1999","DELL","DELL","Optiplex Gx 110","BE02Q","PIII 500MHz","128Mb","6.4Gb","Facultad de Psicologia",,,,
310882501,"12/15/1999","DELL","DELL","Optiplex Gx 110","BE02S","PIII 500MHz","128Mb","6.4Gb","Escuela de Idiomas",,,,
310882501,"12/15/1999","DELL","DELL","Optiplex Gx 110","BE02U","PIII 500MHz","128Mb","6.4Gb","CR. Chiquimula",,,,
310882501,"12/15/1999","Dell","Dell","Optiplex Gx 110","BE02X","PIII 100MHz",128,"6.4 GB","Asuntos Académicos",,,,
310882501,"12/15/1999","DELL","DELL","Optiplex Gx 110","BE02Y","PIII 500MHz","128Mb","6.4Gb","Casa de Campo",,,,
310882501,"12/15/1999","DELL","DELL","Optiplex Gx 110","BE031","PIII 500MHz","128Mb","6.4Gb","CR. Quiche",,,,
310882501,"12/15/1999","DELL","DELL","Optiplex Gx 110","BE03D","PIII 500MHz","128Mb","6.4Gb","Ya no Sirve",,,,
310882501,"12/15/1999","Dell","Dell","Optiplex Gx 110","BE03E","PIII 100MHz","128Mb","6.4 GB","Registro",,,,
310882501,"12/15/1999","DELL","DELL","Optiplex Gx 110","BE03F","PIII 500MHz","128Mb","6.4Gb","CR. Cuilapa",,,,
310882501,"12/15/1999","DELL","DELL","Optiplex Gx 110","BE03G","PIII 500MHz","128Mb","6.4Gb","Ya no Sirve",,,,
310882501,"12/15/1999","Dell","Dell","Optiplex Gx 110","BE03K","PIII 100MHz",128,"6.4 GB","Unidad de Pagos","Cesia de Medina",,,
310882501,"12/15/1999","DELL","DELL","Optiplex Gx 110","BE03M","PIII 500MHz","128Mb","6.4Gb","Contabilidad",,,,
310882501,"12/15/1999","Dell","Dell","Optiplex Gx 110","BE03P","PIII 500MHz","128Mb","6.4Gb","CR. San Marcos",,,,
310882501,"12/15/1999","Dell","Dell","Optiplex Gx 110","BE03R","PIII 500MHz","128Mb","6.4Gb","CR. Huhuetenango",,,,
310882501,"12/15/1999","Dell","Dell","Optiplex Gx 110","BE04C","PIII 500MHz","128Mb","6.4Gb","CR. Zacapa",,,,
310882501,"12/15/1999","DELL","DELL","Optiplex Gx 110","BE04H","PIII 500MHz","128Mb","6.4Gb","Facultad de Admon. Plan Sabado",,,,
310882501,"12/15/1999","DELL","DELL","Optiplex Gx 110","BE04J","PIII 500MHz","128Mb","6.4Gb","CR. Coban",,,,
310882501,"12/15/1999","Dell","Dell","Optiplex Gx 110","BE04L","PIII 100MHz","128Mb","6.4 GB","Registro",,,,
310882501,"12/15/1999","Dell","Dell","Optiplex Gx 110","BE04P","PIII 500MHz","128Mb","6.4Gb","CR. Puerto Barrios",,,,
310882501,"12/15/1999","Dell","Dell","Optiplex Gx 110","BE04R","PIII 100MHz","128Mb","6.4 GB","Registro","Rosario",,,
310882501,"12/15/1999","DELL","DELL","Optiplex Gx 110","BE04S","PIII 500MHz","128Mb","6.4Gb","Desarrollo",,,,
310882501,"12/15/1999","DELL","DELL","Optiplex Gx 110","BE04U","PIII 500MHz","128Mb","6.4Gb","Ya no Sirve","Equipo en Donación",,,
310882501,"12/15/1999","DELL","DELL","Optiplex Gx 110","BE051","PIII 500MHz","128Mb","6.4Gb","Ya no Sirve","CR. Jalapa",,,
310882501,"12/15/1999","DELL","DELL","Optiplex Gx 110","BE053","PIII 500MHz","128Mb","6.4Gb","Ya no Sirve",,,,
310882501,"12/15/1999","DELL","DELL","Optiplex Gx 110","BE056","PIII 500MHz","128Mb","6.4Gb","CR. Chiquimula",,,,
310882501,"12/15/1999","DELL","DELL","Optiplex Gx 110","BE059","PIII 500MHz","128Mb","6.4Gb","Facultad de Derecho","Ciencias Jurídicas",,,
310882501,"12/15/1999","Dell","Dell","Optiplex Gx 110","BE05D","PIII 500MHz","128Mb","6.4Gb","CR. Solola",,,,
,,,,"Optiplex Gx 110","BE0GG",,,,"Ya no Sirve",,,,
"C51724179",19/12/2004,"Dell","DELL","Optiplex Gx 280","BFJ1D61","P4 3.0 GHz","1.0 Gb","80 Gb","Centro de Cómputo","Lab. Huehuetenango",,,
867322877,02/07/2002,"DELL","DELL","Precision 340","BFK3M11","P4 2.0 GHz","512Mb","40Gb","Centro de Cómputo","Laboratorio 4",,,
867318891,28/06/2002,"DELL","DELL","Precision 340","BFW0M11","P4 2.0 GHz","512Mb","40Gb","Centro de Cómputo","Laboratorio 1",,,
867328254,01/07/2002,"DELL","DELL","Precision 340","BGL3M11","P4 2.0 GHz","512Mb","40Gb","Centro de Cómputo","Laboratorio 3",,,
571473768,05/10/2001,"DELL","DELL","Optiplex Gx 150","BGM6L01","PIII 1.0GHz","128Mb","20Gb","Facultad de Ing. Sistemas Vesp.",,,,
867318891,28/06/2002,"DELL","DELL","Precision 340","BGW0M11","P4 2.0 GHz","512Mb","40Gb","Centro de Cómputo","Laboratorio 3",,,
"C51724179",19/12/2004,"Dell","DELL","Optiplex Gx 280","BK01D61","P4 3.0 GHz","1.0 Gb","80 Gb","Centro de Cómputo","Lab. Huehuetenango",,,
502104060,"01/24/2005","Dell","DELL","Optiplex Gx 150","BK3YB01","PIII 933GHz","128Mb","20Gb","Desarrollo",,,,
"C51165447",19/12/2004,"Dell","DELL","Optiplex Gx 280","BKY0D61","P4 3.0 GHz","1.0 Gb","80 Gb","Centro de Cómputo","Lab. Quetzaltenango",,,
502104060,"01/24/2001","Dell","DELL","Optiplex Gx 150","BL3YB01","PIII 933GHz","128Mb","20Gb","Centros Regionales","Mirza Bustamante",,,
867329245,02/07/2002,"DELL","DELL","Precision 340","BLN3M11","P4 2.0 GHz","512Mb","40Gb","Centro de Cómputo","Laboratorio 1",,,
"C51165447",19/12/2004,"Dell","DELL","Optiplex Gx 280","BLY0D61","P4 3.0 GHz","1.0 Gb","80 Gb","Centro de Cómputo","Lab. Chiquimula",,,
502104060,"01/24/2001","Dell","DELL","Optiplex Gx 150","BM3YB01","PIII 933GHz","128Mb","20Gb","CR. Cuilapa",,,,
502104060,"01/24/2001","DELL","DELL","Optiplex Gx 150","BN3YB01","PIII 933GHz","128Mb","20Gb","Centro de Ingreso de Notas",,,,
"C51724179",19/12/2004,"Dell","DELL","Optiplex Gx 280","BVK1D61","P4 3.0 GHz","2.0 Gb","80 Gb","Centro de Cómputo","Lab. Quetzaltenango",,,
"C51724179",19/12/2004,"Dell","DELL","Optiplex Gx 280","BWK1D61","P4 3.0 GHz","2.0 Gb","80 Gb","Centro de Cómputo","Lab. San Marcos",,,
867316333,28/06/2002,"DELL","DELL","Precision 340","BWSXL11","P4 2.0 GHz","512Mb","40Gb","Centro de Cómputo","Laboratorio 4",,,
"C51724179",19/12/2004,"Dell","DELL","Optiplex Gx 280","BXK1D61","P4 3.0 GHz","2.0 Gb","80 Gb","Centro de Cómputo","Soporte",,,
867316333,28/06/2002,"DELL","DELL","Precision 340","BXSXL11","P4 2.0 GHz","512Mb","40Gb","Centro de Cómputo","Laboratorio 1","Walter Herrera",,
571473750,05/08/2001,"DELL","DELL","Optiplex Gx 150","BZ67L01","PIII 1.0GHz","128Mb","20Gb","CR. Escuintla",,,,
623735611,28/01/2004,"DELL","DELL","Precision 360","BZV0741","P4 3.0 GHz","1.0 Gb","80 Gb","Centro de Cómputo","Laboratorio 2",,,
571473750,05/08/2001,"Dell","DELL","Optiplex GX 150","C077L01","PIII 1.0GHz","128Mb","20Gb","Secretaria General",,,,
623735611,28/01/2004,"DELL","DELL","Precision 360","C0W0741","P4 3.0 GHz","1.0 Gb","80 Gb","Centro de Cómputo","Laboratorio 2",,,
623735611,28/01/2004,"DELL","DELL","Precision 360","C1W0741","P4 3.0 GHz","1.0 Gb","80 Gb","Centro de Cómputo","Laboratorio 2",,,
867323933,01/07/2002,"DELL","DELL","Precision 340","C2L3M11","P4 2.0 GHz","512Mb","40Gb","Centro de Cómputo","Laboratorio 1",,,
497512492,13/10/2003,"DELL","DELL","Precision 360","C49YM31","P4 2.4GHz","1G Mb","40 Gb","Medicina",,,,
502105745,23/01/2001,"DELL","DELL","Latitude C600","C5JWB01","PIII 750MHz","128Mb","10Gb","Contabilidad",,,,
502105745,23/01/2001,"DELL","DELL","Latitude C600","C6JWB01","PIII 750MHz","128Mb","10Gb","Secretaria General","Dra. Hernandez",,,
502104789,"01/24/2001","Dell","DELL","Optiplex Gx 150","C7WWB01","PIII 933GHz","128Mb","20Gb","Vice Rectoria Académica","Lucrecia García",,,
867190985,07/02/2002,"DELL","DELL","Optiplex GX 260D","C7Z2M11","P4 1.8GHz","512Mb","20Gb","Contabilidad",,,,
867321374,01/07/2002,"DELL","DELL","Precision 340","C9K3M11","P4 2.0 GHz","512Mb","40Gb","Centro de Cómputo","Laboratorio 3",,,
502104789,"01/24/2001","Dell","DELL","Optiplex Gx 150","C9WWB01","PIII 933GHz","128Mb","20Gb","Tesoreria","Claudia Dondiego",,,
502104789,"01/24/2001","Dell","DELL","Optiplex Gx 150","CBWWB01","PIII 933GHz","128Mb","20Gb","Registro","Fabiola Sanchez",,,
502104789,"01/24/2001","Dell","DELL","Optiplex Gx 150","CCWWB01","PIII 933GHz","128Mb","20Gb","Ceprod","Ing. Montufar",,,
867318891,28/06/2002,"DELL","DELL","Precision 340","CFW0M11","P4 2.0 GHz","512Mb","40Gb","Centro de Cómputo","Laboratorio 4",,,
571473768,05/10/2001,"Dell","DELL","Optiplex Gx 150","CGM6L01","PIII 1.0GHz","128Mb","20Gb","CR. Antigua",,,,
502104060,"01/24/2001","Dell","DELL","Optiplex Gx 150","CJ3YB01","PIII 933GHz","128Mb","20Gb","Biblioteca",,,,
623735611,28/01/2004,"DELL","DELL","Precision 360","CJW0741","P4 3.0 GHz","1.0 Gb","80 Gb","Centro de Cómputo","Laboratorio 2",,,
623735611,28/01/2004,"DELL","DELL","Precision 360","CKW0741","P4 3.0 GHz","1.0 Gb","80 Gb","Centro de Cómputo","Laboratorio 5",,,
502104060,"01/24/2007","Dell","DELL","Optiplex Gx 150","CL3YB01","PIII 933GHz","128Mb","20Gb","Ceprod","Elmer Lopez",,,
502104060,"01/24/2008","Dell","DELL","Optiplex Gx 150","CM3YB01","PIII 933GHz","128Mb","20Gb","Registro","Sandra Orozco",,,
"C51165447",19/12/2004,"Dell","DELL","Optiplex Gx 280","CMY0D61","P4 3.0 GHz","1.0 Gb","80 Gb","Centro de Cómputo","Lab. Quetzaltenango",,,
877678557,14/07/2002,"DELL","DELL","OptiPlex GX 260T","CNQ2N11","P4 1.8GHz","256 Mb","40 Gb","Facultad de Odontologia",,,,
"C51165447",19/12/2004,"Dell","DELL","Optiplex Gx 280","CNY0D61","P4 3.0 GHz","1.0 Gb","80 Gb","Centro de Cómputo","Lab. Chiquimula",,,
877678557,14/07/2002,"DELL","DELL","OptiPlex GX 260T","CPQ2N11","P4 1.8GHz","256 Mb","40 Gb","Facultad de Odontologia",,,,
"C51171153",19/12/2004,"Dell","DELL","Optiplex Gx 280","CTX1D61","P4 3.0 GHz","1.0 Gb","80 Gb","Centro de Cómputo","Lab. Quetzaltenango",,,
571473750,05/08/2001,"DELL","DELL","Optiplex Gx 150","CX67L01","PIII 1.0GHz","128Mb","20Gb","Centro de Ingreso de Notas",,,,
"C51724179",19/12/2004,"Dell","DELL","Optiplex Gx 280","CXK1D61","P4 3.0 GHz","2.0 Gb","80 Gb","Centro de Cómputo","Lab. San Marcos",,,
"C51171153",19/12/2004,"Dell","DELL","Optiplex Gx 280","CXX1D61","P4 3.0 GHz","1.0 Gb","80 Gb","Centro de Cómputo","Lab. Quetzaltenango",,,
,,"DELL","DELL","Optiplex Gx 150","CY57L01",,,,"Facultad de Ing. Sistemas Vesp.",,,,
571473750,05/08/2001,"DELL","DELL","Optiplex Gx 150","CY67L01","PIII 1.0GHz","128Mb","20Gb",,,,,
867316333,28/06/2002,"DELL","DELL","Precision 340","CYSXL11","P4 2.0 GHz","512Mb","40Gb","Centro de Cómputo","Laboratorio 3",,,
571473750,05/08/2001,"DELL","DELL","Optiplex Gx 150","CZ67L01","PIII 1.0GHz","128Mb","20Gb","Facultad de Ing. Sistemas Sabado",,,,
571473750,05/08/2001,"DELL","DELL","Optiplex GX 150","D077L01","PIII 1.0GHz","128Mb","20Gb","Centro de Ingreso de Notas",,,,
867323933,01/07/2002,"DELL","DELL","Precision 340","D1L3M11","P4 2.0 GHz","512Mb","40Gb","Centro de Cómputo","Laboratorio 1",,,
867311284,01/07/2002,"DELL","DELL","Precision 340","D4FZL11","P4 2.0 GHz","512Mb","40Gb","Centro de Cómputo","Laboratorio 1",,,
497512492,13/10/2003,"DELL","DELL","Precision 360","D6XXM31","P4 2.4GHz","1G Mb","40 Gb","Facultad de Ing. Industrial",,,,
502105745,23/01/2001,"DELL","DELL","Latitude C600","D7JWB01","PIII 750MHz","128Mb","10Gb","Auditoria",,,,
502104789,"01/24/2001","Dell","DELL","Optiplex Gx 150","D7WWB01","PIII 933GHz","128Mb","20Gb","Biblioteca",,,,
150964179,,,,,"D7YG6",,,,"Ya no Sirve","Equipo Robado",,,
867321374,01/07/2002,"DELL","DELL","Precision 340","D9K3M11","P4 2.0 GHz","512Mb","40Gb","Centro de Cómputo","Laboratorio 1",,,
502104789,"01/24/2001","Dell","DELL","Optiplex Gx 150","D9WWB01","PIII 933GHz","128Mb","20Gb","Registro","Leticia Moraga",,,
502104789,"01/24/2001","Dell","DELL","Optiplex Gx 150","DBWWB01","PIII 933GHz","128Mb","20Gb","CR. Mazatenango",,,,
867322877,02/07/2002,"DELL","DELL","Precision 340","DCK3M11","P4 2.0 GHz","512Mb","40Gb","Centro de Cómputo","Laboratorio 1",,,
867322877,02/07/2002,"DELL","DELL","Precision 340","DFK3M11","P4 2.0 GHz","512Mb","40Gb","Centro de Cómputo","Laboratorio 1",,,
867328254,01/07/2002,"DELL","DELL","Precision 340","DFL3M11","P4 2.0 GHz","512Mb","40Gb","Centro de Cómputo","Laboratorio 3",,,
867328254,01/07/2002,"DELL","DELL","Precision 340","DGL3M11","P4 2.0 GHz","512Mb","40Gb","Centro de Cómputo","Laboratorio 1",,,
571473768,05/10/2001,"Dell","DELL","Optiplex Gx 150","DGM6L01","PIII 1.0GHz","128Mb","20Gb","Registro","Lic. Clodoveo Torres",,,
"C51165447",19/12/2004,"Dell","DELL","Optiplex Gx 280","DHY0D61","P4 3.0 GHz","1.0 Gb","80 Gb","Centro de Cómputo","Lab. Chiquimula",,,
502104060,"01/24/2001","Dell","DELL","Optiplex Gx 150","DJ3YB01","PIII 933GHz","128Mb","20Gb","CR. Quetzaltenango",,,,
502104060,"01/24/2001","DELL","DELL","Optiplex Gx 150","DL3YB01","PIII 933GHz","128Mb","20Gb","Facultad de Derecho","M-110",,,
867329245,02/07/2002,"DELL","DELL","Precision 340","DLN3M11","P4 2.0 GHz","512Mb","40Gb","Centro de Cómputo","Laboratorio 4",,,
"C51165447",19/12/2004,"Dell","DELL","Optiplex Gx 280","DLY0D61","P4 3.0 GHz","1.0 Gb","80 Gb","Centro de Cómputo","Lab. Huehuetenango",,,
502104060,"01/24/2001","Dell","DELL","Optiplex Gx 150","DN3YB01","PIII 933GHz","128Mb","20Gb","Auditoria","Oscar Agustin",,,
,,,,"Inspiron 2650","DRF1F21",,,,"Facultad de Odontologia",,,,
,,,"Dell","Optiplex Gxa","DWG69",,,,"Ceprod","Jonathan Mendez",,,
,,,"Dell","Optiplex Gxa","DWG6S",,,,"Carné","Mayra Pérez",,,
,,,"Dell","Optiplex Gxa","DWG7F",,,,"Tesoreria","Jairo de León",,,
,,,"Dell","Optiplex Gxa","DWG7H",,,,"Registro","Haydee Contreras",,,
,,,,"Optiplex Gxp","DWG8P",,,,"Facultad de Derecho","Ciencias Económicas",,,
,,,"Dell","Optiplex Gxa","DWG8T",,,,"Registro","Maria Segura",,,
,,"DELL","DELL","Optiplex Gxa","DWG8Z",,,,"Medicina",,,,
,,,"Dell","Optiplex Gxa","DWG93",,,,"Registro","Jacobo",,,
,,,,,"DWG98",,,,"Facultad de Admon. Matutino","Lic. Julio Cesar Fuentes",,,
,,,,,"DWG9J",,,,"Contabilidad",,,,
,,"DELL","DELL","Optiplex Gxa","DWG9Q",,,,"Desarrollo",,,,
,,,"Dell","Optiplex Gxa","DWG9V",,,,"Personal","Zuigli Castellanos",,,
,,,"Dell","Optiplex Gxa","DWG9X",,,,"Registro","Karla Cabrera",,,
,,,"Dell","Optiplex Gxa","DWGB1",,,,"Ceprod","Estuardo",,,
,,"DELL","DELL",,"DWNY7",,,,"Desarrollo",,,,
867316333,28/06/2002,"DELL","DELL","Precision 340","DWSXL11","P4 2.0 GHz","512Mb","40Gb","Centro de Cómputo","Laboratorio 1",,,
"C51171153",19/12/2004,"Dell","DELL","Optiplex Gx 280","DWX1D61","P4 3.0 GHz","1.0 Gb","80 Gb","Centro de Cómputo","Lab. Quetzaltenango",,,
571473750,05/08/2001,"DELL","DELL","Optiplex Gx 150","DX67L01","PIII 1.0GHz","128Mb","20Gb","Facultad de Admon. Plan Sabado",,,,
571473750,05/08/2001,"DELL","DELL","Optiplex GX 150","DY67L01","PIII 1.0GHz","128Mb","20Gb","Centro de Ingreso de Notas",,,,
867320046,01/07/2002,"DELL","DELL","Precision 340","DYJ3M11","P4 2.0 GHz","512Mb","40Gb","Centro de Cómputo","Laboratorio 1",,,
"C51724179",19/12/2004,"Dell","DELL","Optiplex Gx 280","DYK1D61","P4 3.0 GHz","2.0 Gb","80 Gb","Centro de Cómputo","Lab. Quetzaltenango",,,
623735611,28/01/2004,"DELL","DELL","Precision 360","DYV0741","P4 3.0 GHz","1.0 Gb","80 Gb","Centro de Cómputo","Laboratorio 2",,,
571473750,05/08/2001,"DELL","DELL","Optiplex Gx 150","DZ67L01","PIII 1.0GHz","128Mb","20Gb","Centro de Ingreso de Notas",,,,
867320046,01/07/2002,"DELL","DELL","Precision 340","DZJ3M11","P4 2.0 GHz","512Mb","40Gb","Centro de Cómputo","Laboratorio 3",,,
623735611,28/01/2004,"DELL","DELL","Precision 360","DZV0741","P4 3.0 GHz","1.0 Gb","80 Gb","Centro de Cómputo","Laboratorio 5",,,
"C51171153",19/12/2004,"Dell","DELL","Optiplex Gx 280","DZX1D61","P4 3.0 GHz","1.0 Gb","80 Gb","Centro de Cómputo","Lab. Quetzaltenango",,,
571473750,05/08/2001,"DELL","DELL","Optiplex Gx 150","F077L01","PIII 1.0GHz","128Mb","20Gb","Casa de Campo",,,,
623735611,28/01/2004,"DELL","DELL","Precision 360","F0W0741","P4 3.0 GHz","1.0 Gb","80 Gb","Centro de Cómputo","Laboratorio 2",,,
623735611,28/01/2004,"DELL","DELL","Precision 360","F1W0741","P4 3.0 GHz","1.0 Gb","80 Gb","Centro de Cómputo","Laboratorio 1",,,
867323933,01/07/2002,"DELL","DELL","Precision 340","F2L3M11","P4 2.0 GHz","512Mb","40Gb","Centro de Cómputo","Laboratorio 4",,,
867320046,01/07/2002,"DELL","DELL","Precision 340","F3K3M11","P4 2.0 GHz","512Mb","40Gb","Centro de Cómputo","Laboratorio 1",,,
867320046,01/07/2002,"DELL","DELL","Precision 340","F4K3M11","P4 2.0 GHz","512Mb","40Gb","Centro de Cómputo","Laboratorio 3",,,
867328254,01/07/2002,"DELL","DELL","Precision 340","FDL3M11","P4 2.0 GHz","512Mb","40Gb","Centro de Cómputo","Laboratorio 1",,,
867328254,01/07/2002,"DELL","DELL","Precision 340","FFL3M11","P4 2.0 GHz","512Mb","40Gb","Centro de Cómputo","Laboratorio 3",,,
867318891,28/06/2002,"DELL","DELL","Precision 340","FFW0M11","P4 2.0 GHz","512Mb","40Gb","Centro de Cómputo","Laboratorio 3",,,
502104060,"01/24/2001","DELL","DELL","Optiplex Gx 150","FJ3YB01","PIII 933GHz","128Mb","20Gb","Biblioteca",,,,
623735611,28/01/2004,"DELL","DELL","Precision 360","FJW0741","P4 3.0 GHz","1.0 Gb","80 Gb","Centro de Cómputo","Laboratorio 5",,,
"C51165447",19/12/2004,"Dell","DELL","Optiplex Gx 280","FJY0D61","P4 3.0 GHz","1.0 Gb","80 Gb","Centro de Cómputo","Lab. Huehuetenango",,,
502104060,"01/24/2001","Dell","DELL","Optiplex Gx 150","FK3YB01","PIII 933GHz","128Mb","20Gb","Centro de Cómputo","Soporte",,,
"C51165447",19/12/2004,"Dell","DELL","Optiplex Gx 280","FKY0D61","P4 3.0 GHz","1.0 Gb","80 Gb","Centro de Cómputo","Lab. Chiquimula","Luis Rivera",,
502104060,"01/24/2001","DELL","DELL","Optiplex Gx 150","FL3YB01","PIII 933GHz","128Mb","20Gb","Facultad de Derecho","M-110",,,
"C51165447",19/12/2004,"Dell","DELL","Optiplex Gx 280","FMY0D61","P4 3.0 GHz","1.0 Gb","80 Gb","Centro de Cómputo","Lab. Huehuetenango",,,
502104060,"01/24/2001","DELL","DELL","Optiplex Gx 150","FN3YB01","PIII 933GHz","128Mb","20Gb","Centro de Ingreso de Notas",,,,
"C51171153",19/12/2004,"Dell","DELL","Optiplex Gx 280","FVX1D61","P4 3.0 GHz","1.0 Gb","80 Gb","Centro de Cómputo","Lab. Quetzaltenango",,,
"C51724179",19/12/2004,"Dell","DELL","Optiplex Gx 280","FWK1D61","P4 3.0 GHz","2.0 Gb","80 Gb","Centro de Cómputo","Lab. San Marcos",,,
"C51724179",19/12/2004,"Dell","DELL","Optiplex Gx 280","FXK1D61","P4 3.0 GHz","2.0 Gb","80 Gb","Centro de Cómputo","Lab. San Marcos",,,
571473750,05/08/2001,"DELL","DELL","Optiplex GX 150","FY67L01","PIII 1.0GHz","128Mb","20Gb","Tesoreria","Martha de Rodriguez",,,
"C51724179",19/12/2004,"Dell","DELL","Optiplex Gx 280","FYK1D61","P4 3.0 GHz","2.0 Gb","80 Gb","Centro de Cómputo","Lab. Quetzaltenango",,,
623735611,28/01/2004,"DELL","DELL","Precision 360","FYV0741","P4 3.0 GHz","1.0 Gb","80 Gb","Centro de Cómputo","Laboratorio 2",,,
"C51171153",19/12/2004,"Dell","DELL","Optiplex Gx 280","FYX1D61","P4 3.0 GHz","1.0 Gb","80 Gb","Centro de Cómputo","Lab. Chiquimula",,,
571473750,05/08/2001,"DELL","DELL","Optiplex Gx 150","G077L01","PIII 1.0GHz","128Mb","20Gb",,,,,
,,"DELL","DELL","Optiplex Gx 100","G0TPA",,,,"Medicina","Dra. Fortin",,,
,,,,"Optiplex Gx 150","G177L01",,,,"Facultad de Ing. Sistemas Matutino","Ing. García",,,
867323933,01/07/2002,"DELL","DELL","Precision 340","G1L3M11","P4 2.0 GHz","512Mb","40Gb","Centro de Cómputo","Laboratorio 1",,,
502106495,23/01/2001,"DELL","DELL","Latitude C600","G1YWB01","PIII 850MHz","256Mb","20Gb","Ya no Sirve","Equipo Robado",,,
867323933,01/07/2002,"DELL","DELL","Precision 340","G2L3M11","P4 2.0 GHz","512Mb","40Gb","Centro de Cómputo","Laboratorio 4",,,
497512492,13/10/2003,"DELL","DELL","Precision 360","G49YM31","P4 2.4GHz","1G Mb","40 Gb","Medicina",,,,
867311284,01/07/2002,"DELL","DELL","Precision 340","G4FZL11","P4 2.0 GHz","512Mb","40Gb","Centro de Cómputo","Laboratorio 3",,,
497512492,13/10/2003,"DELL","DELL","Precision 360","G6XXM31","P4 2.4GHz","1G Mb","40 Gb","Facultad de Ing. Industrial",,,,
502104789,"01/24/2001","Dell","DELL","Optiplex Gx 150","G7WWB01","PIII 933GHz","128Mb","20Gb","Centro de Cómputo","Laboratorio 4",,,
502106966,"01/24/2001","DELL","DELL","Latitude C600","G9JWB01","PIII 750MHz","128Mb","20Gb","Centro de Cómputo","Alquiler",,,
867321374,01/07/2002,"DELL","DELL","Precision 340","G9K3M11","P4 2.0 GHz","512Mb","40Gb","Centro de Cómputo","Laboratorio 1",,,
502104789,"01/24/2001","DELL","DELL","Optiplex Gx 150","GCWWB01","PIII 933GHz","128Mb","20Gb","CR. Jalapa",,,,
,,,,"Optiplex Gx 150","GD77L01","PIII 1.0GHz","128Mb","20Gb","CR. Antigua",,,,
337785174,"02/18/2000","Dell","Dell","Optiplex Gx 110","GFSUR","PIII 500MHz","128Mb","6.4Gb","CR. Jutiapa",,,,
337785174,"02/18/2000","Dell","Dell","Optiplex Gx 110","GFSUT","PIII 500MHz","128Mb","6.4Gb","Auditoria","Elmer Prado",,,
337785174,"02/18/2000","Dell","Dell","Optiplex Gx 110","GFSUX","PIII 500MHz","128Mb","6.4Gb","CR. Coatepeque",,,,
337785174,"02/18/2000","DELL","DELL","Optiplex Gx 110","GFSUY","PIII 500MHz","128Mb","6.4Gb","Ya no Sirve",,,,
337785174,"02/18/2000","DELL","DELL","Optiplex Gx 110","GFSUZ","PIII 500MHz","128Mb","6.4Gb","Facultad de Ing. Industrial",,,,
337785174,"02/18/2000","DELL","DELL","Optiplex Gx 110","GFSVA","PIII 500MHz","128Mb","6.4Gb","Registro",,,,
337785174,"02/18/2000","Dell","Dell","Optiplex Gx 110","GFSVD","PIII 500MHz","128Mb","6.4Gb","CR. Totonicapan",,,,
337785174,"02/18/2000","Dell","Dell","Optiplex Gx 110","GFSVE","PIII 100MHz","128Mb","6.4 GB","Registro",,,,
337785174,"02/18/2000","DELL","DELL","Optiplex Gx 110","GFSVI","PIII 500MHz","128Mb","6.4Gb","Biblioteca",,,,
337785174,"02/18/2000","DELL","DELL","Optiplex Gx 110","GFSVN","PIII 500MHz","128Mb","6.4Gb","Ya no Sirve","CR. Mazatenango",,,
337785174,"02/18/2000","Dell","Dell","Optiplex Gx 110","GFSVP","PIII 500MHz","128Mb","6.4Gb","POES",,,,
337785174,"02/18/2000","DELL","DELL","Optiplex Gx 110","GFSVQ","PIII 500MHz","128Mb","6.4Gb","Facultad de Administración Vespertino",,,,
337785174,"02/18/2000","DELL","DELL","Optiplex Gx 110","GFSVU","PIII 500MHz","128Mb","6.4Gb","CR. Escuintla",,,,
337785174,"02/18/2000","DELL","DELL","Optiplex Gx 110","GFSW3","PIII 500MHz","128Mb","6.4Gb","Desarrollo",,,,
337785174,"02/18/2000","DELL","DELL","Optiplex Gx 110","GFSWA","PIII 500MHz","128Mb","6.4Gb","Servicios Administrativos",,,,
337785174,"02/18/2000","DELL","DELL","Optiplex Gx 110","GFSWI","PIII 500MHz","128Mb","6.4Gb","IECA","Caja de Colegios",,,
337785174,"02/18/2000","DELL","DELL","Optiplex Gx 110","GFSWQ","PIII 500MHz","128Mb","6.4Gb","Ceprod",,,,"Ruth Hurtado"
337785174,"02/18/2000","Dell","Dell","Optiplex Gx 110","GFSWU",100,128,6.4,"Ceprod","Mayra Perez",,,
337785174,"02/18/2000","DELL","DELL","Optiplex Gx 110","GFSXA","PIII 500MHz","128Mb","6.4Gb","Facultad de Derecho Matutino",,,,
337785174,"02/18/2000","Dell","Dell","Optiplex Gx 110","GFSXE",100,128,6.4,"Tesoreria","Derick Escobar",,,
337785174,"02/18/2000","DELL","DELL","Optiplex Gx 110","GFSXI","PIII 500MHz","128Mb","6.4Gb","Medicina",,,,
337785174,"02/18/2000","DELL","DELL","Optiplex Gx 110","GFSXJ","PIII 500MHz","128Mb","6.4Gb","Medicina",,,,
337785174,"02/18/2000","Dell","Dell","Optiplex Gx 110","GFSXS","PIII 500MHz","128Mb","6.4Gb","CR. El Progreso",,,,
337785174,"02/18/2000","DELL","DELL","Optiplex Gx 110","GFSXU","PIII 500MHz","128Mb","6.4Gb","Auditoria",,,,
337785174,"02/18/2000","Dell","Dell","Optiplex Gx 110","GFSY1","PIII 500MHz","128Mb","6.4Gb","CR. Petén",,,,
337784318,"02/18/2000","Dell","Dell","Optiplex Gx 110","GFTVU","PIII 500MHz","128Mb","6.4Gb","CR. Coatepeque",,,,
337784318,"02/18/2000","Dell","Dell","Optiplex Gx 110","GFTWE","PIII 500MHz","128Mb","6.4Gb","Registro",,,,
337784318,"02/18/2000","Dell","Dell","Optiplex Gx 110","GFTWU","PIII 500MHz","128Mb","6.4Gb","Asuntos Estudiantiles",,,,
337784318,"02/18/2000","Dell","Dell","Optiplex Gx 110","GFTXA","PIII 500MHz","128Mb","6.4Gb","Asuntos Académicos",,,,
337784318,"02/18/2000","Dell","Dell","Optiplex Gx 110","GFTXI","PIII 500MHz","128Mb","6.4Gb","CR. San Marcos",,,,
337784318,"02/18/2000","Dell","Dell","Optiplex Gx 110","GFTXU","PIII 500MHz","128Mb","6.4Gb","Registro","Dinora Avendaño",,,
337784318,"02/18/2000","Dell","Dell","Optiplex Gx 110","GFTYE","PIII 500MHz","128Mb","6.4Gb","Ya no Sirve",,,,
337784318,"02/18/2000","DELL","DELL","Optiplex Gx 110","GFTYI","PIII 500MHz","128Mb","6.4Gb","CR. Chimaltenango",,,,
337784318,"02/18/2000","Dell","Dell","Optiplex Gx 110","GFTZA","PIII 500MHz","128Mb","6.4Gb","Unidad de Pagos","Margonia Lopez",,,
337784318,"02/18/2000","Dell","Dell","Optiplex Gx 110","GFTZE","PIII 500MHz","128Mb","6.4Gb","CR. Huhuetenango",,,,
337784318,"02/18/2000","Dell","Dell","Optiplex Gx 110","GFTZI","PIII 500MHz","128Mb","6.4Gb","Tesoreria","Edgar Gómez",,,
337784318,"02/18/2000","Dell","Dell","Optiplex Gx 110","GFTZU","PIII 500MHz","128Mb","6.4Gb","Registro",,,,
337784318,"02/18/2000","DELL","DELL","Optiplex Gx 110","GFU00","PIII 500MHz","128Mb","6.4Gb","Registro",,,,
337784318,"02/18/2000","DELL","DELL","Optiplex Gx 110","GFU01","PIII 500MHz","128Mb","6.4Gb","Facultad de Administración Vespertino",,,,
337784318,"02/18/2000","Dell","Dell","Optiplex Gx 110","GFU02","PIII 500MHz","128Mb","6.4Gb","Registro",,,,
337784318,"02/18/2000","DELL","DELL","Optiplex Gx 110","GFU03","PIII 500MHz","128Mb","6.4Gb","Construcción","Marlen Mansilla",,,
337784318,"02/18/2000","Dell","Dell","Optiplex Gx 110","GFU04","PIII 500MHz","128Mb","6.4Gb","IECA","CED",,,
337784318,"02/18/2000","Dell","Dell","Optiplex Gx 110","GFU05","PIII 500MHz","128Mb","6.4Gb","Tesoreria","Armando Garcia",,,
337784318,"02/18/2000","Dell","Dell","Optiplex Gx 110","GFU06","PIII 500MHz","128Mb","6.4Gb","Registro","Silvia de Leon",,,
337784318,"02/18/2000","DELL","DELL","Optiplex Gx 110","GFU07","PIII 500MHz","128Mb","6.4Gb",,,,,
337784318,"02/18/2000","DELL","DELL","Optiplex Gx 110","GFU08","PIII 500MHz","128Mb","6.4Gb",,,,,
337784318,"02/18/2000","Dell","Dell","Optiplex Gx 110","GFU09","PIII 500MHz","128Mb","6.4Gb","Registro",,,,
337784318,"02/18/2000","DELL","DELL","Optiplex Gx 110","GFU0A","PIII 500MHz","128Mb","6.4Gb","Desarrollo",,,,
,,,,,"GFU0B",,,,"Contabilidad",,,,
337784318,"02/18/2000","Dell","Dell","Optiplex Gx 110","GFU0C","PIII 500MHz","128Mb","6.4Gb","Tesoreria","Juan Gabriel Maza",,,
337784318,"02/18/2000","Dell","Dell","Optiplex Gx 110","GFU0D","PIII 500MHz","128Mb","6.4Gb","Registro","Telma Romero",,,
867318891,28/06/2002,"DELL","DELL","Precision 340","GFW0M11","P4 2.0 GHz","512Mb","40Gb","Centro de Cómputo","Laboratorio 1",,,
571473768,05/10/2001,"Dell","DELL","Optiplex Gx 150","GGM6L01","PIII 1.0GHz","128Mb","20Gb","Desarrollo",,,,
502104060,"01/24/2001","DELL","DELL","Optiplex Gx 150","GK3YB01","PIII 933GHz","128Mb","20Gb","Archivo",,,,
623735611,28/01/2004,"DELL","DELL","Precision 360","GKW0741","P4 3.0 GHz","1.0 Gb","80 Gb","Centro de Cómputo","Laboratorio 5",,,
867329245,02/07/2002,"DELL","DELL","Precision 340","GLN3M11","P4 2.0 GHz","512Mb","40Gb","Centro de Cómputo","Laboratorio 4",,,
623735611,28/01/2004,"DELL","DELL","Precision 360","GLW0741","P4 3.0 GHz","1.0 Gb","80 Gb","Centro de Cómputo","Laboratorio 5",,,
,,"DELL","DELL","Optiplex Gx 100","GOTLI",,,,"Centros Regionales",,,,
,,"DELL","DELL","Optiplex Gx 100","GPU2K",,,,"Centros Regionales","Daly Reyes",,,
,,"DELL","DELL","Optiplex Gx 100","GUFUF",,,,"Facultad de Odontologia",,,,
,,,"Dell","Optiplex Gx 100","GUFUG",,,,"Vice Rectoria Administrativa","Melita Morales",,,
,,,,"Optiplex Gx 100","GUFUM",,,,"Medicina",,,,
"C51724179",19/12/2004,"Dell","DELL","Optiplex Gx 280","GVK1D61","P4 3.0 GHz","2.0 Gb","80 Gb","Centro de Cómputo","Lab. San Marcos",,,
497513664,21/10/2003,"DELL","DELL","Poweredge 2600","GVXMN31","PIII 533MHz","4GB","73Gb  * 3","Desarrollo","Servidor Reda",,,
"C51171153",19/12/2004,"Dell","DELL","Optiplex Gx 280","GXX1D61","P4 3.0 GHz","1.0 Gb","80 Gb","Centro de Cómputo","Lab. Huehuetenango",,,
571473750,05/08/2001,"Dell","DELL","Optiplex Gx 150","GY67L01","PIII 1.0GHz","128Mb","20Gb","Centro de Información",,,,
"C51724179",19/12/2004,"Dell","DELL","Optiplex Gx 280","GYK1D61","P4 3.0 GHz","2.0 Gb","80 Gb","Centro de Cómputo","Lab. Quetzaltenango",,,
571473750,05/08/2001,"Dell","DELL","Optiplex GX 150","GZ67L01","PIII 1.0GHz","128Mb","20Gb","Mineduc","Luis Paredes",,,
867320046,01/07/2002,"DELL","DELL","Precision 340","GZJ3M11","P4 2.0 GHz","512Mb","40Gb","Centro de Cómputo","Laboratorio 1",,,
623735611,28/01/2004,"DELL","DELL","Precision 360","GZV0741","P4 3.0 GHz","1.0 Gb","80 Gb","Centro de Cómputo","Laboratorio 2",,,
623735611,28/01/2004,"DELL","DELL","Precision 360","H0W0741","P4 3.0 GHz","1.0 Gb","80 Gb","Centro de Cómputo","Laboratorio 5",,,
"C51171153",19/12/2004,"Dell","DELL","Optiplex Gx 280","H0Y1D61","P4 3.0 GHz","1.0 Gb","80 Gb","Centro de Cómputo","Lab. Quetzaltenango",,,
623735611,28/01/2004,"DELL","DELL","Precision 360","H1W0741","P4 3.0 GHz","1.0 Gb","80 Gb","Centro de Cómputo","Telecomunicaciones",,,
877691063,14/07/2002,"DELL","DELL","Precision 340","H4Q1N11","P4 2.0 GHz","512 Mb","40 Gb",,,"VRVS",,
336083043,16/02/2000,"DELL","DELL","PowerEdge 4300","H50BU","PIII 600MHz","256Mb","9Gb * 3","Centro de Cómputo","Bodega",,,
336078332,16/02/2000,"DELL","DELL","Poweredge 2400","H5B1L","PIII 533MHz","128Mb","9.1Gb","Centro de Cómputo","Servidor Windows",,,
502104789,"01/24/2001","DELL","DELL","Optiplex Gx 150","H6WWB01","PIII 933GHz","128Mb","20Gb","Registro",,,,
497512492,13/10/2003,"DELL","DELL","Precision 360","H6XXM31","P4 2.4GHz","1G Mb","40 Gb","Facultad de Ing. Industrial",,,,
191704212,"11/11/19998","Dell","Dell","Optiplex G1","H8JTR","PII 400MHz",64,4.3,"Ceprod","Cristian Mejia",,,
191704212,"11/11/19998","Dell","Dell","Optiplex G1","H8JTT","PII 400MHz",64,4.3,"Ceprod","Alex Orellana",,,
191704212,"11/11/19998","DELL","DELL","Optiplex G1","H8JTV","PII 400MHz","256Mb","40Gb","Facultad de Derecho","Mirta Dávila",,,
191704212,"11/11/19998","Dell","Dell","Optiplex G1","H8JTY","PII 400MHz","64Mb","4.3Gb","Servicios Administrativos","Ana Castro",,,
191704212,"11/11/19998","Dell","Dell","Optiplex G1","H8JV0","PII 400MHz",64,4.3,"Asuntos Estudiantiles",,,,
191704212,"11/11/19998","DELL","DELL","Optiplex G1","H8JV1","PII 400MHz","64Mb","4.3Gb",,,,,
191704212,"11/11/19998","DELL","DELL","Optiplex G1","H8JV3","PII 400MHz","64Mb","4.3Gb","Facultad de Derecho","Clinicas Jurídicas",,,
191704212,"11/11/19998","DELL","DELL","Optiplex G1","H8JV4","PII 400MHz","64Mb","4.3Gb","Facultad de Odontologia",,,,
191704212,"11/11/19998","Dell","Dell","Optiplex G1","H8JV5","PII 400MHz",64,4.3,"Ceprod",,,,
191704212,"11/11/19998","DELL","DELL","Optiplex G1","H8JV6","PII 400MHz","64Mb","4.3Gb","Ya no Sirve",,,,
191704212,"11/11/19998","DELL","DELL","Optiplex G1","H8JV8","PII 400MHz","64Mb","4.3Gb","Facultad de Odontologia","Carla López",,,
191704212,"11/11/19998","DELL","DELL","Optiplex G1","H8JV9","PII 400MHz","64Mb","4.3Gb",,,,,
191704212,"11/11/19998","DELL","DELL","Optiplex G1","H8JVB","PII 400MHz","256Mb","40Gb","Medicina",,,,
191704212,"11/11/19998","DELL","DELL","Optiplex G1","H8JVC","PII 400MHz","64Mb","4.3Gb","Facultad de Ing. Industrial",,,,
191704212,"11/11/19998","DELL","DELL","Optiplex G1","H8JVF","PII 400MHz","64Mb","4.3Gb","Facultad de Admon. Plan Sabado",,,,
191704212,"11/11/19998","DELL","DELL","Optiplex G1","H8JVH","PII 400MHz","64Mb","4.3Gb","Ya no Sirve",,,,
191704212,"11/11/19998","DELL","DELL","Optiplex G1","H8JVJ","PII 400MHz","64Mb","4.3Gb","Facultad de Derecho","Clínicas",,,
191704212,"11/11/19998","DELL","DELL","Optiplex G1","H8JVL","PII 400MHz","64Mb","4.3Gb","Ya no Sirve",,,,
191704212,"11/11/19998","DELL","DELL","Optiplex G1","H8JVN","PII 400MHz","64Mb","4.3Gb","Campus ""B""","Enfermeria",,,
191704212,"11/11/19998","DELL","DELL","Optiplex G1","H8JVR","PII 400MHz","64Mb","4.3Gb",,,,,
191704212,"11/11/19998","Dell","Dell","Optiplex G1","H8JVS","PII 400MHz",64,4.3,"Ceprod","Josue Orantes",,,
191704212,"11/11/19998","DELL","DELL","Optiplex G1","H8JVV","PII 400MHz","64Mb","4.3Gb","Contabilidad",,,,
191704212,"11/11/19998","DELL","DELL","Optiplex G1","H8JVX","PII 400MHz","64Mb","4.3Gb","Casa de Campo",,,,
191704212,"11/11/19998","DELL","DELL","Optiplex G1","H8JVZ","PII 400MHz","64Mb","4.3Gb","Ceprod",,,,
191704212,"11/11/19998","Dell","Dell","Optiplex G1","H8JW1","PII 400MHz",64,4.3,"Ceprod",,,,
191704212,"11/11/19998","Dell","Dell","Optiplex G1","H8JW3","PII 400MHz",64,4.3,"Tesoreria",,,,
191704212,"11/11/19998","DELL","DELL","Optiplex G1","H8JW5","PII 400MHz","64Mb","4.3Gb","Medicina",,,,
191704212,"11/11/19998","DELL","DELL","Optiplex G1","H8JW7","PII 400MHz","64Mb","4.3Gb","Ya no Sirve",,,,
191704212,"11/11/19998","DELL","DELL","Optiplex G1","H8JW9","PII 400MHz","64Mb","4.3Gb","Campus ""B""","Criminologia",,,
191704212,"11/11/19998","DELL","DELL","Optiplex G1","H8JWB","PII 400MHz","64Mb","4.3Gb","Ya no Sirve",,,,
191704659,11/11/1998,"DELL","DELL","Optiplex G1","H8KKT","PII 400MHz","64Mb","4.3Gb","Ya no Sirve","Equipo en Donación",,,
191704659,11/11/1998,"DELL","DELL","Optiplex G1","H8KL2","PII 400MHz","64Mb","4.3Gb","Facultad de Admon. Plan Sabado",,,,
191704659,11/11/1998,"DELL","DELL","Optiplex G1","H8KLJ","PII 400MHz","64Mb","4.3Gb","Ya no Sirve",,,,
191704659,11/11/1998,"DELL","DELL","Optiplex G1","H8KM2","PII 400MHz","64Mb","4.3Gb","Facultad de Derecho","Ciencias Económicas",,,
191704659,11/11/1998,"DELL","DELL","Optiplex G1","H8KMC","PII 400MHz","64Mb","4.3Gb","IECA","Jannet Bincanel",,,
191704659,11/11/1998,"Dell","Dell","Optiplex G1","H8KMJ","PII 400MHz","64 MB","4.3 GB","Ceprod","Lili de Monterroso",,,
191704659,11/11/1998,"DELL","DELL","Optiplex G1","H8KMR","PII 400MHz","64Mb","4.3Gb","Facultad de Ing. Sistemas Sabado","T-414",,,
191704659,11/11/1998,"DELL","DELL","Optiplex G1","H8KMY","PII 400MHz","64Mb","4.3Gb","Facultad de Teologia",,,,
191704659,11/11/1998,"DELL","DELL","Optiplex G1","H8KN2","PII 400MHz","64Mb","4.3Gb",,,,,
191704659,11/11/1998,"Dell","Dell","Optiplex G1","H8KNG","PII 400 MHz","64 MB","4.3 GB","Registro","Blanqui",,,
191704659,11/11/1998,"Dell","Dell","Optiplex G1","H8KNW","PII 400 MHz","64 MB","4.3 GB","Ceprod","Jorge Rodas",,,
191704659,11/11/1998,"DELL","DELL","Optiplex G1","H8KP0","PII 400MHz","64Mb","4.3Gb","Escuela de Idiomas",,,,
191704659,11/11/1998,"DELL","DELL","Optiplex G1","H8KP8","PII 400MHz","64Mb","4.3Gb","Facultad de Admon. Plan Sabado",,,,
191704659,11/11/1998,"Dell","Dell","Optiplex G1","H8KPC","PII 400MHz","64 MB","4.3 GB","Asuntos Académicos",,,,
191704659,11/11/1998,"DELL","DELL","Optiplex G1","H8KPH","PII 400MHz","64Mb","4.3Gb","Facultad de Administración Vespertino",,,,
191704659,11/11/1998,"DELL","DELL","Optiplex G1","H8KPM","PII 400MHz","64Mb","4.3Gb","Facultad de Ing. Sistemas Vesp.",,,,
191704659,11/11/1998,"DELL","DELL","Optiplex G1","H8KPP","PII 400MHz","64Mb","4.3Gb","Escuela de Humanidades",,,,
191704659,11/11/1998,"DELL","DELL","Optiplex G1","H8KPS","PII 400MHz","64Mb","4.3Gb",,,,,
191704659,11/11/1998,"DELL","DELL","Optiplex G1","H8KPY","PII 400MHz","64Mb","4.3Gb","Escuela de Lingüística",,,,
191704659,11/11/1998,"DELL","DELL","Optiplex G1","H8KQ3","PII 400MHz","64Mb","4.3Gb","Facultad de Ing. Industrial",,,,
191704659,11/11/1998,"Dell","Dell","Optiplex G1","H8KQK","400 MHz","64 MB","4.3 GB","Secretaria General",,,,
191704659,11/11/1998,"Dell","Dell","Optiplex G1","H8KQS","400 MHz","64 MB","4.3 GB","Tesoreria","Douglas Herrera",,,
191704659,11/11/1998,"DELL","DELL","Optiplex G1","H8KR2","PII 400MHz","64Mb","4.3Gb","Facultad de Carquitectura","Arq. Hernández",,,
191704659,11/11/1998,"Dell","Dell","Optiplex G1","H8KRH","400 MHz","64 MB","4.3 GB","POES",,,,
,,,,,"H8KRM",,,,"Casa de Campo",,,,
191704659,11/11/1998,"DELL","DELL","Optiplex G1","H8KRT","PII 400MHz","64Mb","4.3Gb","Facultad de Administración Vespertino",,,,
191704659,11/11/1998,"DELL","DELL","Optiplex G1","H8KRY","PII 400MHz","64Mb","4.3Gb",,,,,
191704659,11/11/1998,"Dell","Dell","Optiplex G1","H8KS2","400 MHz","64 MB","4.3 GB","Ceprod","Raul Soza",,,
191704659,11/11/1998,"DELL","DELL","Optiplex G1","H8KT0","PII 400MHz","64Mb","4.3Gb",,,,,
191704659,11/11/1998,"DELL","DELL","Optiplex G1","H8KT7","PII 400MHz","64Mb","4.3Gb","Secretaria General",,,,
867321374,01/07/2002,"DELL","DELL","Precision 340","H9K3M11","P4 2.0 GHz","512Mb","40Gb","Centro de Cómputo","Laboratorio 3",,,
867322877,02/07/2002,"DELL","DELL","Precision 340","HCK3M11","P4 2.0 GHz","512Mb","40Gb","Centro de Cómputo","Laboratorio 1",,,
867328254,01/07/2002,"DELL","DELL","Precision 340","HFL3M11","P4 2.0 GHz","512Mb","40Gb","Centro de Cómputo","Laboratorio 3",,,
867318891,28/06/2002,"DELL","DELL","Precision 340","HFW0M11","P4 2.0 GHz","512Mb","40Gb","Centro de Cómputo","Laboratorio 1",,,
,,,,,"HGKT0",,,,"Contabilidad",,,,
502104060,"01/24/2001","DELL","DELL","Optiplex Gx 150","HH3YB01","PIII 933GHz","128Mb","20Gb","Centro de Ingreso de Notas",,,,
"C51165447",19/12/2004,"Dell","DELL","Optiplex Gx 280","HHY0D61","P4 3.0 GHz","1.0 Gb","80 Gb","Centro de Cómputo","Lab. Chiquimula",,,
502104060,"01/24/2001","DELL","DELL","Optiplex Gx 150","HJ3YB01","PIII 933GHz","128Mb","20Gb","Biblioteca",,,,
"C51165447",19/12/2004,"Dell","DELL","Optiplex Gx 280","HJY0D61","P4 3.0 GHz","1.0 Gb","80 Gb","Centro de Cómputo","Lab. Quetzaltenango",,,
"C51724179",19/12/2004,"Dell","DELL","Optiplex Gx 280","HK01D61","P4 3.0 GHz","1.0 Gb","80 Gb","Centro de Cómputo","Lab. Huehuetenango",,,
867329245,02/07/2002,"DELL","DELL","Precision 340","HKN3M11","P4 2.0 GHz","512Mb","40Gb","Centro de Cómputo","Laboratorio 4",,,
502104060,"01/24/2001","Dell","DELL","Optiplex Gx 150","HL3YB01","PIII 933GHz","128Mb","20Gb","Centro de Cómputo","Impresiones",,,
"C51165447",19/12/2004,"Dell","DELL","Optiplex Gx 280","HLY0D61","P4 3.0 GHz","1.0 Gb","80 Gb","Centro de Cómputo","Lab. Huehuetenango",,,
"C51165447",19/12/2004,"Dell","DELL","Optiplex Gx 280","HMY0D61","P4 3.0 GHz","1.0 Gb","80 Gb","Centro de Cómputo","Lab. Huehuetenango",,,
877678557,14/07/2002,"DELL","DELL","OptiPlex GX 260T","HNQ2N11","P4 1.8GHz","256 Mb","40 Gb","Facultad de Odontologia",,,,
"C51165447",19/12/2004,"Dell","DELL","Optiplex Gx 280","HNY0D61","P4 3.0 GHz","1.0 Gb","80 Gb","Centro de Cómputo","Lab. Huehuetenango",,,
"C51724179",19/12/2004,"Dell","DELL","Optiplex Gx 280","HTK1D61","P4 3.0 GHz","2.0 Gb","80 Gb","Centro de Cómputo","Lab. San Marcos",,,
"C51171153",19/12/2004,"Dell","DELL","Optiplex Gx 280","HTX1D61","P4 3.0 GHz","1.0 Gb","80 Gb","Centro de Cómputo","Lab. Chiquimula",,,
867316333,28/06/2002,"DELL","DELL","Precision 340","HVSXL11","P4 2.0 GHz","512Mb","40Gb","Centro de Cómputo","Laboratorio 1",,,
"C51724179",19/12/2004,"Dell","DELL","Optiplex Gx 280","HWK1D61","P4 3.0 GHz","2.0 Gb","80 Gb","Centro de Cómputo","Servidor Bases de Datos",,,
"C51171153",19/12/2004,"Dell","DELL","Optiplex Gx 280","HWX1D61","P4 3.0 GHz","1.0 Gb","80 Gb","Centro de Cómputo","Lab. Quetzaltenango",,,
571473750,05/08/2001,"Dell","DELL","Optiplex Gx 150","HX67L01","PIII 1.0GHz","128Mb","20Gb","Rectoria",,,,
571473750,05/08/2001,"DELL","DELL","Optiplex Gx 150","HY67L01","PIII 1.0GHz","128Mb","20Gb","Centro de Ingreso de Notas",,,,
867320046,01/07/2002,"DELL","DELL","Precision 340","HYJ3M11","P4 2.0 GHz","512Mb","40Gb","Centro de Cómputo","Laboratorio 3",,,
"C51724179",19/12/2004,"Dell","DELL","Optiplex Gx 280","HYK1D61","P4 3.0 GHz","2.0 Gb","80 Gb","Centro de Cómputo","Lab. San Marcos",,,
571473750,05/08/2001,"DELL","DELL","Optiplex GX 150","HZ67L01","PIII 1.0GHz","128Mb","20Gb","Centro de Ingreso de Notas",,,,
867320046,01/07/2002,"DELL","DELL","Precision 340","HZJ3M11","P4 2.0 GHz","512Mb","40Gb","Centro de Cómputo","Laboratorio 1",,,
"C51171153",19/12/2004,"Dell","DELL","Optiplex Gx 280","HZX1D61","P4 3.0 GHz","1.0 Gb","80 Gb","Centro de Cómputo","Lab. Quetzaltenango",,,
571473750,05/08/2001,"Dell","DELL","Optiplex Gx 150","J077L01","PIII 1.0GHz","128Mb","20Gb","Auditoria","Diego Tzna",,,
623735611,28/01/2004,"DELL","DELL","Precision 360","J0W0741","P4 3.0 GHz","1.0 Gb","80 Gb","Centro de Cómputo","Laboratorio 5",,,
623735611,28/01/2004,"DELL","DELL","Precision 360","J1W0741","P4 3.0 GHz","1.0 Gb","80 Gb","Centro de Cómputo","Laboratorio 2",,,
867323933,01/07/2002,"DELL","DELL","Precision 340","J2L3M11","P4 2.0 GHz","512Mb","40Gb","Centro de Cómputo","Laboratorio 1",,,
867320046,01/07/2002,"DELL","DELL","Precision 340","J3K3M11","P4 2.0 GHz","512Mb","40Gb","Centro de Cómputo","Laboratorio 1",,,
497512492,13/10/2003,"DELL","DELL","Precision 360","J49YM31","P4 2.4GHz","1G Mb","40 Gb","Facultad de Odontologia",,,,
867311284,01/07/2002,"DELL","DELL","Precision 340","J4FZL11","P4 2.0 GHz","512Mb","40Gb","Centro de Cómputo","Laboratorio 1",,,
877691063,14/07/2002,"DELL","DELL","Precision 340","J4Q1N11","P4 2.0 GHz","512 Mb","40 Gb",,,,,
497512492,13/10/2003,"DELL","DELL","Precision 360","J6XXM31","P4 2.4GHz","1G Mb","40 Gb","Facultad de Ing. Industrial",,,,
867321374,01/07/2002,"DELL","DELL","Precision 340","J9K3M11","P4 2.0 GHz","512Mb","40Gb","Centro de Cómputo","Laboratorio 3",,,
867322877,02/07/2002,"DELL","DELL","Precision 340","JDK3M11","P4 2.0 GHz","512Mb","40Gb","Centro de Cómputo","Laboratorio 4",,,
867328254,01/07/2002,"DELL","DELL","Precision 340","JDL3M11","P4 2.0 GHz","512Mb","40Gb","Centro de Cómputo","Laboratorio 1",,,
867322877,02/07/2002,"DELL","DELL","Precision 340","JFK3M11","P4 2.0 GHz","512Mb","40Gb","Centro de Cómputo","Laboratorio 1",,,
502104060,"01/24/2001","DELL","DELL","Optiplex Gx 150","JH3YB01","PIII 933GHz","128Mb","20Gb","Facultad de Admon. Plan Sabado","Lic. Magda Castillo",,,
502104060,"01/24/2001","DELL","DELL","Optiplex Gx 150","JJ3YB01","PIII 933GHz","128Mb","20Gb","Facultad de Derecho","Clinicas",,,
"C51724179",19/12/2004,"Dell","DELL","Optiplex Gx 280","JK01D61","P4 3.0 GHz","1.0 Gb","80 Gb","Centro de Cómputo","Lab. Huehuetenango",,,
502104060,"01/24/2001","Dell","DELL","Optiplex Gx 150","JK3YB01","PIII 933GHz","128Mb","20Gb","CR. Mazatenango",,,,
"C51165447",19/12/2004,"Dell","DELL","Optiplex Gx 280","JKY0D61","P4 3.0 GHz","1.0 Gb","80 Gb","Centro de Cómputo","Lab. Quetzaltenango",,13/04/2005,
867329245,02/07/2002,"DELL","DELL","Precision 340","JLN3M11","P4 2.0 GHz","512Mb","40Gb","Centro de Cómputo","Laboratorio 4",,,
623735611,28/01/2004,"DELL","DELL","Precision 360","JLW0741","P4 3.0 GHz","1.0 Gb","80 Gb","Centro de Cómputo","Laboratorio 5",,,
502104060,"01/24/2001","DELL","DELL","Optiplex Gx 150","JM3YB01","PIII 933GHz","128Mb","20Gb","Centro de Cómputo","Bodega",,,
502104060,"01/24/2003","DELL","DELL","Optiplex Gx 150","JN3YB01","PIII 933GHz","128Mb","20Gb","Facultad de Ing. Sistemas Matutino","Ing. Rolando Torres",,,
867153389,07/02/2002,"DELL","DELL","Latitude C610","JRQVL11","PIII 600MHz","256Mb","20Gb","Auditoria",,,,
"C51171153",19/12/2004,"Dell","DELL","Optiplex Gx 280","JVX1D61","P4 3.0 GHz","1.0 Gb","80 Gb","Centro de Cómputo","Lab. Quetzaltenango",,,
867316333,28/06/2002,"DELL","DELL","Precision 340","JWSXL11","P4 2.0 GHz","512Mb","40Gb","Centro de Cómputo","Laboratorio 1",,,
571473750,05/08/2001,"DELL","DELL","Optiplex GX 150","JX67L01","PIII 1.0GHz","128Mb","20Gb","Centro de Ingreso de Notas",,,,
"C51724179",19/12/2004,"Dell","DELL","Optiplex Gx 280","JXK1D61","P4 3.0 GHz","2.0 Gb","80 Gb","Centro de Cómputo","Soporte",,,
571473750,05/08/2001,"DELL","DELL","Optiplex Gx 150","JY67L01","PIII 1.0GHz","128Mb","20Gb","Facultad de Ing. Sistemas Matutino","Ing. Rolando Torres","UMG SERVER ",,
"C51724179",19/12/2004,"Dell","DELL","Optiplex Gx 280","JYK1D61","P4 3.0 GHz","2.0 Gb","80 Gb","Centro de Cómputo","Telecomunicaciones",,,
623735611,28/01/2004,"DELL","DELL","Precision 360","JYV0741","P4 3.0 GHz","1.0 Gb","80 Gb","Centro de Cómputo","Laboratorio 2","Mail Admon",,
"C51171153",19/12/2004,"Dell","DELL","Optiplex Gx 280","JYX1D61","P4 3.0 GHz","1.0 Gb","80 Gb","Centro de Cómputo","Lab. Huehuetenango",,,
571473750,05/08/2001,"Dell","DELL","Optiplex Gx 150","JZ67L01","PIII 1.0GHz","128Mb","20Gb","Desarrollo",,,,
623735611,28/01/2004,"DELL","DELL","Precision 360","JZV0741","P4 3.0 GHz","1.0 Gb","80 Gb","Centro de Cómputo","Laboratorio 5",,,
,,,"Dell","Optiplex G1","U9KMD",,,,"Servicios Administrativos","Lic. Salazar",,,
,,"DELL","DELL","Optiplex G1","V9KMH",,,,"Facultad de Odontologia",,,,
,,,,"Optiplex Gx 270","3XGGR51",,,,"Medicina",,,,
